MLP,SVM,SGD,KNN,NC,DT
90.79952969,88.47736626,86.56672546,89.85890653,29.15931805,78.01293357
90.79952969,88.0952381,83.65667255,88.85949442,26.80776014,77.89535567
91.00529101,88.59494415,83.92122281,90.00587889,22.10464433,78.74779541
90.79952969,88.56554968,86.03762493,89.94708995,26.89594356,80.04115226
91.06407995,88.27160494,82.48089359,89.30041152,26.45502646,77.77777778
90.79952969,88.47736626,84.62669018,89.68253968,26.16108172,76.39623751
90.74074074,88.12463257,86.1845973,89.53556731,26.66078777,78.4244562
90.82892416,88.50676073,85.77307466,89.68253968,26.92533804,77.92475015
91.00529101,87.88947678,86.0670194,88.80070547,25.10288066,77.77777778
90.41740153,88.5361552,86.36096414,90.47619048,25.66137566,78.01293357
91.59318048,88.5361552,84.03880071,90.32921811,28.48324515,78.92416226
91.35802469,88.6537331,85.3909465,89.91769547,25.86713698,78.04232804
89.82951205,87.53674309,83.12757202,89.53556731,26.16108172,78.01293357
90.53497942,88.50676073,82.74544386,89.56496179,26.71957672,77.98353909
90.85831864,88.47736626,84.53850676,89.15343915,27.68959436,78.5420341
90.79952969,88.83009994,85.53791887,90.27042916,27.07231041,78.68900647
90.59376837,87.88947678,85.00881834,89.65314521,25.98471487,78.74779541
91.26984127,88.15402704,83.30393886,89.71193416,26.60199882,78.65961199
91.41681364,88.18342152,85.74368019,89.7707231,25.54379777,78.15990594
90.82892416,88.15402704,85.59670782,89.53556731,27.07231041,78.63021752
90.74074074,88.41857731,81.0111699,89.15343915,26.92533804,79.62962963
90.47619048,88.24221046,84.03880071,89.47677837,27.57201646,78.83597884
92.00470312,88.33039389,83.80364491,90.27042916,25.45561434,78.74779541
90.68195179,88.59494415,85.21457966,89.74132863,28.36566725,78.21869489
90.82892416,88.06584362,83.71546149,90.32921811,26.45502646,77.42504409
91.59318048,88.59494415,81.09935332,89.71193416,29.36507937,78.15990594
90.5643739,88.21281599,83.24514991,89.44738389,28.5420341,79.54144621
90.62316285,88.03644915,78.60082305,89.53556731,26.77836567,78.33627278
91.29923574,88.50676073,83.39212228,89.71193416,28.36566725,77.89535567
90.88771311,88.06584362,84.89124045,88.83009994,27.60141093,77.71898883
90.38800705,88.35978836,81.21693122,89.12404468,26.10229277,78.30687831
92.56319812,88.85949442,85.06760729,90.446796,25.74955908,79.89417989
91.44620811,88.15402704,82.56907701,89.62375073,26.66078777,77.54262199
91.50499706,87.94826573,86.53733098,90.29982363,25.86713698,78.30687831
91.21105232,88.38918283,84.77366255,89.41798942,24.98530276,79.15931805
90.71134627,87.88947678,84.7148736,89.18283363,26.30805409,77.51322751
91.29923574,88.06584362,85.97883598,90.446796,30.09994121,79.15931805
91.21105232,88.44797178,84.53850676,89.7707231,27.57201646,79.57084068
90.27042916,88.33039389,84.56790123,89.12404468,29.1005291,77.54262199
91.06407995,88.33039389,84.80305703,89.47677837,26.60199882,78.01293357
91.09347443,88.15402704,83.18636096,89.85890653,26.45502646,77.95414462
88.67483946293054,89.31698774080562,82.95388207822533,91.18505545826036,26.15294804436661,75.30647985989492
87.04028021015762,90.19264448336253,83.82953882078226,89.66725043782837,27.028604786923527,73.78867483946293
87.215411558669,89.84238178633976,83.07063631056626,90.48453006421482,29.480443666082895,73.38003502626971
87.15703444249854,90.30939871570345,85.75598365440747,90.77641564506713,22.475189725627555,73.0881494454174
88.32457676590776,88.733216579101,82.60361938120256,90.01751313485113,25.27729130180969,72.67950963222417
87.974314068885,89.37536485697606,83.47927612375948,90.25102159953299,27.437244600116756,75.07297139521307
88.2661996497373,90.19264448336253,83.71278458844134,91.06830122591944,26.38645650904845,73.96380618797431
86.80677174547577,88.96672504378283,81.78633975481611,91.00992410974898,24.635143023934617,73.26328079392877
88.733216579101,89.7840046701693,82.89550496205487,91.76882661996497,25.04378283712785,74.48920023350847
86.1646234676007,90.07589025102159,56.625802685347345,90.89316987740806,23.70110916520724,74.95621716287215
87.09865732632808,90.01751313485113,82.19497956800934,91.06830122591944,26.09457092819615,74.31406888499708
88.79159369527146,90.13426736719205,80.67717454757735,90.95154699357852,25.8610624635143,74.25569176882661
89.7840046701693,91.1266783420899,82.66199649737302,91.00992410974898,26.15294804436661,73.49678925861063
87.62405137186224,89.25861062463515,84.58844133099825,90.77641564506713,23.175715119673086,72.85464098073555
86.74839462930531,89.84238178633976,83.88791593695272,91.06830122591944,26.38645650904845,73.14652656158785
88.2661996497373,89.60887332165791,83.65440747227088,90.54290718038528,26.67834208990076,72.85464098073555
89.14185639229422,89.02510215995329,84.88032691185056,90.71803852889667,25.452422650321072,74.83946293053123
88.44133099824869,90.25102159953299,82.48686514886164,90.60128429655575,26.619964973730298,73.0881494454174
87.79918272037361,89.7840046701693,84.0630472854641,91.18505545826036,22.35843549328663,72.09573847051955
88.2661996497373,89.43374197314652,80.32691185055458,90.89316987740806,25.91943957968476,72.85464098073555
88.2661996497373,89.66725043782837,83.42089900758903,90.77641564506713,26.26970227670753,73.43841214244017
88.14944541739638,90.01751313485113,81.55283129013426,91.00992410974898,24.75189725627554,72.38762405137186
88.2661996497373,90.19264448336253,82.13660245183888,90.60128429655575,25.16053706946877,72.27086981903093
87.74080560420316,89.20023350846468,85.17221249270285,89.25861062463515,23.642732049036777,72.56275539988324
88.61646234676007,89.72562755399883,83.71278458844134,90.77641564506713,25.97781669585523,75.94862813776999
89.31698774080562,90.54290718038528,81.08581436077058,91.1266783420899,29.947460595446586,72.91301809690601
88.61646234676007,90.42615294804438,80.21015761821366,92.23584354932866,25.510799766491537,73.49678925861063
87.91593695271453,89.55049620548745,81.66958552247519,91.41856392294221,24.69352014010508,74.08056042031524
88.2661996497373,89.90075890251022,81.4944541739638,90.60128429655575,25.39404553415061,74.89784004670169
87.39054290718039,89.7840046701693,85.46409807355516,90.8347927612376,26.15294804436661,74.1389375364857
87.91593695271453,89.7840046701693,83.18739054290718,90.77641564506713,33.274956217162874,72.79626386456509
88.03269118505546,89.49211908931699,76.76590776415645,91.06830122591944,24.518388791593697,72.85464098073555
91.26984126984127,88.47736625514403,82.27513227513228,89.47677836566726,28.689006466784246,77.42504409171076
91.50499706055261,88.38918283362727,83.68606701940035,89.77072310405644,25.86713697824809,78.10111699000588
90.38800705467372,88.30099941211053,83.7448559670782,89.50617283950618,26.954732510288064,78.4538506760729
91.29923574368019,88.38918283362727,84.83245149911816,89.44738389182834,28.04232804232804,78.98295120517342
90.74074074074075,88.35978835978835,84.0975896531452,89.62375073486186,27.895355673133448,79.24750146972369
91.50499706055261,88.12463256907701,83.62727807172251,89.21222810111699,25.279247501469726,77.3074661963551
92.06349206349206,88.62433862433863,85.62610229276896,90.15285126396238,27.36625514403292,78.57142857142857
91.29923574368019,88.59494415049971,85.97883597883597,89.53556731334508,27.483833039388593,77.60141093474427
90.27042915931804,87.9482657260435,84.95002939447383,89.91769547325103,26.0435038212816,79.24750146972369
91.005291005291,88.68312757201646,86.56672545561435,89.77072310405644,27.836566725455615,79.62962962962963
91.21105232216344,88.35978835978835,84.97942386831275,89.3885949441505,26.6901822457378,78.51263962375073
91.68136390358612,88.50676072898295,86.1552028218695,89.94708994708994,26.866549088771315,78.65961199294532
90.53497942386831,88.30099941211053,85.74368018812464,90.50558495002939,26.513815402704292,78.10111699000588
90.88771310993533,88.30099941211053,85.30276308054086,89.59435626102292,26.425631981187536,78.4538506760729
91.38741916519695,88.94767783656673,83.89182833627278,89.53556731334508,27.71898883009994,78.33627278071722
91.7989417989418,88.15402704291593,84.92063492063492,89.74132863021752,27.101704879482657,77.92475014697237
90.74074074074075,88.4185773074662,85.83186360964139,89.68253968253968,27.513227513227513,77.36625514403292
91.44620811287479,88.33039388594945,86.39035861258083,89.12404467960023,24.514991181657848,78.42445620223398
91.35802469135803,88.09523809523809,85.92004703115815,90.00587889476779,25.044091710758376,79.04174015285126
91.35802469135803,88.33039388594945,82.01058201058201,90.44679600235156,27.0135214579659,78.51263962375073
90.65255731922399,88.4185773074662,83.65667254556143,89.32980599647267,26.014109347442684,78.51263962375073
90.71134626690183,88.88888888888889,85.3615520282187,89.00646678424457,27.07231040564374,78.74779541446209
91.59318048206937,88.35978835978835,85.50852439741328,89.68253968253968,27.42504409171076,78.60082304526749
90.91710758377425,88.30099941211053,85.59670781893004,89.68253968253968,26.778365667254555,78.71840094062317
91.005291005291,88.18342151675485,85.09700176366843,90.09406231628454,26.543209876543212,78.10111699000588
90.77013521457967,88.47736625514403,85.0382128159906,89.74132863021752,28.659611992945326,78.48324514991182
92.26925338036449,88.53615520282186,86.65490887713109,90.03527336860671,27.60141093474427,78.24808935920046
90.97589653145208,88.12463256907701,84.92063492063492,89.53556731334508,26.601998824221045,78.51263962375073
90.56437389770723,88.18342151675485,86.36096413874192,90.03527336860671,26.366843033509703,79.24750146972369
91.03468547912993,88.09523809523809,85.77307466196356,89.62375073486186,26.807760141093475,77.45443856554968
91.21105232216344,88.27160493827161,85.56731334509112,89.50617283950618,25.925925925925924,79.48265726043505
91.56378600823045,88.5655496766608,83.83303938859494,90.41740152851264,27.60141093474427,79.15931804820694
92.00470311581422,88.47736625514403,82.8042328042328,89.53556731334508,27.131099353321574,79.60023515579071
91.76954732510289,87.71310993533216,86.18459729570841,89.50617283950618,28.4538506760729,78.07172251616696
90.97589653145208,88.4185773074662,85.47912992357438,90.00587889476779,28.777189888300995,78.36566725455614
89.85890652557319,88.4185773074662,81.80482069370957,89.94708994708994,26.072898295120517,78.4538506760729
91.4756025867137,88.47736625514403,85.00881834215167,90.56437389770723,24.750146972369194,79.04174015285126
90.53497942386831,88.35978835978835,85.30276308054086,89.88830099941211,25.95532039976484,77.68959435626103
90.62316284538507,88.5655496766608,81.30511463844798,90.03527336860671,25.396825396825395,78.10111699000588
92.18106995884774,88.47736625514403,84.77366255144034,89.80011757789535,27.689594356261022,78.24808935920046
91.21105232216344,87.91887125220458,82.98059964726632,89.44738389182834,29.041740152851265,79.18871252204586
90.53497942386831,88.06584362139918,84.15637860082305,89.2416225749559,28.4538506760729,77.83656672545561
91.005291005291,88.24221046443269,83.36272780717225,89.74132863021752,25.54379776601999,79.42386831275721
90.65255731922399,88.38918283362727,83.80364491475602,89.97648442092887,25.95532039976484,77.39564961787184
90.91710758377425,88.06584362139918,85.94944150499705,89.77072310405644,27.60141093474427,78.57142857142857
90.50558495002939,87.71310993533216,86.36096413874192,89.59435626102292,27.101704879482657,78.21869488536154
90.47619047619048,88.44797178130511,84.92063492063492,89.30041152263375,26.807760141093475,78.71840094062317
91.26984126984127,88.18342151675485,85.15579071134627,90.21164021164022,27.77777777777778,77.5132275132275
91.21105232216344,88.47736625514403,84.65608465608466,89.7119341563786,28.10111699000588,77.36625514403292
91.03468547912993,88.30099941211053,85.30276308054086,89.80011757789535,25.69077013521458,78.1305114638448
91.4756025867137,88.44797178130511,85.71428571428571,89.80011757789535,25.044091710758376,77.80717225161669
91.03468547912993,88.77131099353322,83.68606701940035,89.59435626102292,26.513815402704292,77.92475014697237
91.35802469135803,88.71252204585538,82.83362727807172,89.0652557319224,27.042915931804824,78.24808935920046
91.12286890064668,87.68371546149324,84.74426807760142,89.77072310405644,25.984714873603764,77.39564961787184
90.38800705467372,87.56613756613757,83.42151675485009,89.82951205173427,27.36625514403292,78.71840094062317
91.41681363903587,88.83009994121105,85.42034097589654,90.24103468547912,27.895355673133448,79.54144620811287
91.53439153439153,88.44797178130511,85.86125808348031,89.00646678424457,27.71898883009994,79.8941798941799
90.1822457378013,88.12463256907701,83.71546149323927,89.68253968253968,27.0135214579659,78.4538506760729
90.71134626690183,88.12463256907701,79.5708406819518,88.7419165196943,26.366843033509703,78.98295120517342
90.94650205761316,87.65432098765432,85.0382128159906,89.00646678424457,24.926513815402704,77.95414462081128
90.68195179306291,88.38918283362727,84.68547912992358,89.53556731334508,26.308054085831863,77.39564961787184
90.88771310993533,88.00705467372134,80.5408583186361,89.7119341563786,26.74897119341564,77.74838330393887
91.3286302175191,88.38918283362727,82.68665490887713,89.85890652557319,26.366843033509703,79.01234567901234
90.03527336860671,88.03644914756026,84.21516754850089,88.9182833627278,28.159905937683718,78.21869488536154
90.8289241622575,88.80070546737213,85.3615520282187,89.564961787184,28.012933568489125,79.83539094650206
91.82833627278072,88.27160493827161,85.92004703115815,90.15285126396238,27.395649617871843,79.92357436801882
91.59318048206937,88.80070546737213,85.62610229276896,89.564961787184,24.867724867724867,77.13109935332157
90.12345679012346,87.97766019988242,84.12698412698413,89.2416225749559,25.86713697824809,77.86596119929453
91.3286302175191,88.00705467372134,77.54262198706643,90.27042915931804,25.808348030570254,79.21810699588477
90.88771310993533,88.30099941211053,84.30335097001763,90.24103468547912,24.044679600235156,78.65961199294532
90.53497942386831,89.00646678424457,86.89006466784245,90.29982363315696,29.86478542034098,79.12992357436802
91.12286890064668,88.47736625514403,59.494415049970605,89.68253968253968,25.66137566137566,80.24691358024691
91.9753086419753,87.86008230452676,81.62845385067608,89.53556731334508,26.366843033509703,78.33627278071722
91.12286890064668,87.88947677836568,84.12698412698413,89.2416225749559,27.07231040564374,77.89535567313345
91.26984126984127,87.9482657260435,83.9212228101117,89.09465020576131,25.073486184597293,78.36566725455614
90.41740152851264,87.97766019988242,84.42092886537331,89.80011757789535,25.455614344503235,77.13109935332157
91.56378600823045,88.71252204585538,84.97942386831275,89.80011757789535,25.396825396825395,78.48324514991182
90.65255731922399,88.00705467372134,84.47971781305115,89.65314520870076,25.984714873603764,79.18871252204586
91.21105232216344,88.77131099353322,86.21399176954732,89.88830099941211,25.455614344503235,77.9835390946502
91.3286302175191,88.06584362139918,84.68547912992358,89.68253968253968,25.16166960611405,79.24750146972369
91.12286890064668,88.06584362139918,85.68489124044679,89.62375073486186,27.24867724867725,77.68959435626103
91.91651969429748,88.12463256907701,83.65667254556143,89.35920047031158,28.365667254556143,78.86537330981776
91.18165784832452,88.5655496766608,81.27572016460906,90.21164021164022,25.426219870664312,79.24750146972369
90.47619047619048,88.15402704291593,84.80305702527924,90.12345679012346,28.483245149911816,77.45443856554968
90.85831863609641,88.35978835978835,86.331569664903,89.7119341563786,27.572016460905353,78.27748383303938
90.74074074074075,88.77131099353322,84.24456202233979,89.68253968253968,27.572016460905353,77.10170487948265
90.79952968841857,88.24221046443269,83.71546149323927,89.03586125808349,27.18988830099941,79.36507936507937
91.3286302175191,88.27160493827161,82.77483833039389,90.3292181069959,25.044091710758376,78.9535567313345
91.09347442680776,88.88888888888889,86.1552028218695,89.91769547325103,26.337448559670783,78.63021751910641
91.18165784832452,88.7419165196943,85.83186360964139,89.62375073486186,25.16166960611405,77.95414462081128
91.03468547912993,88.68312757201646,83.27454438565549,89.82951205173427,26.0435038212816,79.33568489124045
91.26984126984127,88.21281599059377,86.18459729570841,90.00587889476779,25.073486184597293,77.3074661963551
91.91651969429748,88.47736625514403,83.5978835978836,89.97648442092887,27.307466196355083,79.51205173427395
91.38741916519695,88.68312757201646,83.18636096413874,90.1822457378013,26.0435038212816,78.36566725455614
90.79952968841857,88.7419165196943,78.777189888301,88.97707231040565,27.572016460905353,76.33744855967079
91.56378600823045,89.03586125808349,84.59729570840682,89.35920047031158,24.867724867724867,78.51263962375073
90.79952968841857,87.88947677836568,86.39035861258083,89.41798941798942,23.897707231040563,78.27748383303938
91.38741916519695,88.44797178130511,82.98059964726632,89.564961787184,25.514403292181072,76.71957671957672
90.15285126396238,88.03644914756026,83.7448559670782,89.7119341563786,24.103468547912993,77.80717225161669
90.71134626690183,89.00646678424457,81.95179306290417,88.85949441504997,27.454438565549676,79.48265726043505
90.88771310993533,88.21281599059377,84.27395649617871,89.53556731334508,24.95590828924162,79.21810699588477
91.76954732510289,88.53615520282186,84.06819517930629,90.12345679012346,27.630805408583186,78.89476778365668
90.53497942386831,87.83068783068782,85.71428571428571,89.91769547325103,25.66137566137566,78.36566725455614
90.71134626690183,88.38918283362727,74.95590828924162,89.564961787184,26.63139329805996,78.57142857142857
90.97589653145208,88.71252204585538,85.94944150499705,89.80011757789535,24.397413286302175,77.83656672545561
90.1822457378013,88.44797178130511,85.47912992357438,89.18283362727807,27.513227513227513,78.21869488536154
91.56378600823045,88.94767783656673,86.36096413874192,90.29982363315696,23.927101704879483,79.80599647266314
90.77013521457967,88.35978835978835,84.45032333921223,89.00646678424457,28.512639623750736,78.42445620223398
90.47619047619048,88.35978835978835,85.30276308054086,90.29982363315696,27.954144620811288,78.1305114638448
90.38800705467372,88.09523809523809,86.30217519106408,90.09406231628454,25.83774250440917,78.24808935920046
90.97589653145208,88.4185773074662,84.74426807760142,89.91769547325103,25.455614344503235,78.9535567313345
91.24044679600235,88.15402704291593,84.03880070546738,90.3586125808348,26.072898295120517,78.36566725455614
91.53439153439153,88.65373309817754,79.1005291005291,89.82951205173427,24.98530276308054,79.36507936507937
92.06349206349206,88.9182833627278,84.62669018224574,89.82951205173427,26.425631981187536,78.98295120517342
92.09288653733098,88.5655496766608,85.59670781893004,89.77072310405644,24.13286302175191,78.07172251616696
91.1522633744856,87.8012933568489,82.27513227513228,89.85890652557319,28.10111699000588,77.42504409171076
90.29982363315696,88.18342151675485,84.83245149911816,89.74132863021752,24.250440917107582,78.71840094062317
91.3286302175191,88.35978835978835,84.97942386831275,89.97648442092887,26.66078777189888,78.74779541446209
91.005291005291,88.21281599059377,85.09700176366843,89.35920047031158,27.807172251616695,77.80717225161669
92.18106995884774,88.44797178130511,85.24397413286302,89.88830099941211,25.86713697824809,77.45443856554968
91.1522633744856,88.12463256907701,81.3639035861258,89.32980599647267,27.42504409171076,77.6601998824221
91.7989417989418,88.62433862433863,85.33215755437978,89.94708994708994,28.248089359200467,77.86596119929453
91.44620811287479,88.4185773074662,83.71546149323927,89.47677836566726,26.778365667254555,79.12992357436802
90.8289241622575,87.86008230452676,84.5679012345679,90.00587889476779,28.365667254556143,78.51263962375073
91.09347442680776,88.65373309817754,80.92298647854204,89.2416225749559,28.130511463844798,78.9535567313345
91.06407995296884,88.4185773074662,84.891240446796,90.12345679012346,24.66196355085244,78.4538506760729
91.88712522045856,88.65373309817754,86.06701940035273,90.77013521457967,28.98295120517343,78.68900646678424
89.80011757789535,88.27160493827161,83.65667254556143,89.77072310405644,27.54262198706643,78.07172251616696
90.79952968841857,88.30099941211053,79.77660199882422,89.564961787184,28.248089359200467,78.36566725455614
91.26984126984127,88.5655496766608,85.12639623750735,89.27101704879483,28.512639623750736,78.98295120517342
90.27042915931804,88.4185773074662,83.56848912404467,89.41798941798942,23.750734861845974,78.74779541446209
91.09347442680776,87.59553203997649,83.65667254556143,89.53556731334508,25.19106407995297,78.15990593768372
90.56437389770723,88.12463256907701,84.21516754850089,90.38800705467372,27.513227513227513,78.60082304526749
91.005291005291,88.24221046443269,81.86360964138741,89.80011757789535,29.365079365079367,79.12992357436802
91.29923574368019,88.9182833627278,85.89065255731923,89.50617283950618,28.424456202233976,78.51263962375073
90.29982363315696,87.9482657260435,84.80305702527924,90.00587889476779,27.483833039388593,77.01352145796591
90.09406231628454,88.50676072898295,84.62669018224574,89.2416225749559,26.57260435038213,78.04232804232805
89.94708994708994,87.38977072310405,85.42034097589654,89.32980599647267,25.54379776601999,77.01352145796591
91.1522633744856,88.47736625514403,86.44914756025868,90.44679600235156,25.984714873603764,78.9535567313345
91.56378600823045,88.62433862433863,85.97883597883597,90.12345679012346,26.66078777189888,78.68900646678424
91.21105232216344,88.24221046443269,85.80246913580247,89.27101704879483,26.543209876543212,77.10170487948265
90.1822457378013,88.15402704291593,83.80364491475602,89.44738389182834,25.60258671369782,78.01293356848913
90.24103468547912,87.50734861845973,83.83303938859494,88.59494415049971,27.92475014697237,78.36566725455614
91.38741916519695,88.85949441504997,85.3615520282187,90.3292181069959,27.24867724867725,78.42445620223398
91.005291005291,88.38918283362727,86.331569664903,90.09406231628454,25.54379776601999,79.04174015285126
91.005291005291,88.24221046443269,86.36096413874192,89.53556731334508,28.4538506760729,77.71898883009995
90.88771310993533,88.38918283362727,85.71428571428571,89.85890652557319,28.718400940623162,78.83597883597884
90.94650205761316,88.27160493827161,84.86184597295708,89.47677836566726,25.896531452087007,78.54203409758965
91.1522633744856,88.12463256907701,84.45032333921223,89.0652557319224,24.13286302175191,78.51263962375073
90.27042915931804,88.65373309817754,85.94944150499705,89.91769547325103,26.278659611992943,77.86596119929453
91.50499706055261,88.12463256907701,84.80305702527924,89.59435626102292,26.74897119341564,77.01352145796591
90.85831863609641,88.00705467372134,83.77425044091711,89.09465020576131,25.514403292181072,77.63080540858319
90.65255731922399,88.59494415049971,85.50852439741328,90.12345679012346,27.160493827160494,78.15990593768372
90.94650205761316,87.83068783068782,84.39153439153439,89.65314520870076,26.925338036449148,79.54144620811287
91.38741916519695,87.97766019988242,83.00999412110524,90.15285126396238,24.044679600235156,78.60082304526749
91.09347442680776,87.21340388007054,85.06760728982951,89.53556731334508,24.867724867724867,78.89476778365668
91.18165784832452,88.47736625514403,85.21457965902411,89.74132863021752,28.80658436213992,79.07113462669018
90.94650205761316,88.24221046443269,85.62610229276896,89.44738389182834,26.543209876543212,78.27748383303938
90.91710758377425,88.18342151675485,84.36213991769547,89.53556731334508,26.89594356261023,78.51263962375073
91.005291005291,88.77131099353322,86.4785420340976,89.2416225749559,26.249265138154026,78.48324514991182
90.85831863609641,87.88947677836568,85.5379188712522,89.74132863021752,25.896531452087007,78.98295120517342
90.38800705467372,88.27160493827161,82.01058201058201,89.68253968253968,23.456790123456788,77.9835390946502
90.71134626690183,88.68312757201646,84.891240446796,89.80011757789535,28.306878306878307,79.42386831275721
91.74015285126397,88.47736625514403,85.12639623750735,90.06466784244563,25.102880658436217,78.36566725455614
90.94650205761316,88.59494415049971,85.94944150499705,89.62375073486186,27.954144620811288,79.01234567901234
91.3286302175191,88.59494415049971,85.86125808348031,90.21164021164022,26.778365667254555,77.33686067019401
90.09406231628454,87.44855967078189,84.83245149911816,88.94767783656673,25.16166960611405,77.95414462081128
91.21105232216344,88.33039388594945,86.0082304526749,90.00587889476779,29.365079365079367,78.9535567313345
90.15285126396238,88.15402704291593,82.39271017048794,89.62375073486186,24.691358024691358,78.48324514991182
90.21164021164022,87.97766019988242,84.06819517930629,89.7119341563786,24.544385655496768,78.89476778365668
91.1522633744856,87.97766019988242,82.6278659611993,89.564961787184,25.19106407995297,76.98412698412699
90.59376837154615,88.4185773074662,84.92063492063492,89.94708994708994,25.36743092298648,78.21869488536154
91.005291005291,87.91887125220458,84.95002939447383,90.27042915931804,23.13345091122869,77.71898883009995
90.74074074074075,88.27160493827161,83.9212228101117,89.94708994708994,27.689594356261022,78.9535567313345
91.41681363903587,88.97707231040565,84.83245149911816,89.50617283950618,27.77777777777778,78.27748383303938
90.50558495002939,88.50676072898295,84.33274544385657,89.21222810111699,27.954144620811288,77.18988830099941
90.71134626690183,88.15402704291593,85.3615520282187,89.80011757789535,27.689594356261022,77.9835390946502
91.62257495590829,88.7419165196943,81.3345091122869,89.94708994708994,26.57260435038213,78.04232804232805
90.06466784244563,88.24221046443269,84.86184597295708,89.7119341563786,26.484420928865372,78.42445620223398
91.35802469135803,88.38918283362727,85.68489124044679,90.03527336860671,26.014109347442684,79.12992357436802
90.56437389770723,88.44797178130511,86.53733098177543,89.65314520870076,27.454438565549676,78.86537330981776
91.44620811287479,88.44797178130511,83.9506172839506,89.77072310405644,24.485596707818928,77.68959435626103
91.6519694297472,88.18342151675485,85.39094650205762,89.97648442092887,28.39506172839506,78.60082304526749
91.53439153439153,88.15402704291593,84.97942386831275,89.82951205173427,28.542034097589653,78.65961199294532
90.68195179306291,87.97766019988242,77.18988830099941,90.09406231628454,26.484420928865372,78.89476778365668
91.29923574368019,88.24221046443269,85.09700176366843,89.35920047031158,27.454438565549676,79.5708406819518
91.4756025867137,88.09523809523809,84.92063492063492,89.2416225749559,27.042915931804824,78.3068783068783
91.38741916519695,88.68312757201646,84.36213991769547,89.77072310405644,26.866549088771315,78.1305114638448
91.03468547912993,88.59494415049971,86.06701940035273,90.47619047619048,26.39623750734862,77.33686067019401
90.41740152851264,88.18342151675485,78.68900646678424,89.18283362727807,24.16225749559083,79.07113462669018
91.56378600823045,88.09523809523809,85.5379188712522,90.29982363315696,25.308641975308642,78.21869488536154
90.94650205761316,88.21281599059377,84.5679012345679,88.44797178130511,25.249853027630802,78.54203409758965
91.26984126984127,88.35978835978835,85.09700176366843,89.68253968253968,24.544385655496768,78.80658436213992
91.50499706055261,88.97707231040565,84.21516754850089,89.74132863021752,26.866549088771315,78.80658436213992
90.91710758377425,88.50676072898295,85.24397413286302,90.09406231628454,27.336860670194003,79.39447383891827
91.03468547912993,88.47736625514403,82.6278659611993,89.35920047031158,25.485008818342152,77.3074661963551
90.94650205761316,88.18342151675485,82.71604938271605,89.88830099941211,24.83833039388595,77.92475014697237
90.41740152851264,88.83009994121105,86.06701940035273,89.27101704879483,26.89594356261023,78.777189888301
90.50558495002939,88.03644914756026,83.83303938859494,89.2416225749559,25.455614344503235,79.21810699588477
91.38741916519695,88.59494415049971,85.27336860670194,90.53497942386831,26.337448559670783,79.27689594356261
91.41681363903587,88.27160493827161,83.06878306878306,89.3885949441505,26.425631981187536,78.42445620223398
91.1522633744856,87.86008230452676,85.42034097589654,89.7119341563786,25.66137566137566,77.89535567313345
89.77072310405644,88.53615520282186,73.57436801881246,88.44797178130511,27.77777777777778,78.18930041152264
91.6519694297472,87.83068783068782,80.18812463256909,90.53497942386831,24.77954144620811,78.07172251616696
90.15285126396238,88.12463256907701,82.03997648442093,89.2416225749559,25.132275132275133,77.86596119929453
91.53439153439153,88.18342151675485,86.03762492651381,89.88830099941211,26.6901822457378,77.9835390946502
91.29923574368019,88.09523809523809,81.62845385067608,89.27101704879483,28.63021751910641,77.80717225161669
89.97648442092887,88.18342151675485,84.42092886537331,89.97648442092887,25.83774250440917,79.36507936507937
90.59376837154615,88.15402704291593,85.06760728982951,89.65314520870076,27.42504409171076,78.777189888301
91.3286302175191,88.47736625514403,86.24338624338624,90.06466784244563,26.455026455026452,78.60082304526749
92.03409758965314,88.68312757201646,75.7201646090535,90.00587889476779,24.897119341563787,78.74779541446209
90.65255731922399,87.97766019988242,82.03997648442093,89.3885949441505,27.07231040564374,78.27748383303938
91.09347442680776,87.9482657260435,85.83186360964139,88.88888888888889,25.77895355673133,78.48324514991182
91.24044679600235,88.80070546737213,83.56848912404467,89.41798941798942,27.219282774838334,77.6601998824221
91.21105232216344,87.74250440917108,68.90064667842447,88.77131099353322,27.660199882422106,78.57142857142857
91.44620811287479,88.44797178130511,87.09582598471486,89.35920047031158,28.57142857142857,78.51263962375073
91.3286302175191,88.59494415049971,83.83303938859494,89.68253968253968,29.365079365079367,77.9835390946502
91.26984126984127,88.03644914756026,86.5079365079365,89.30041152263375,25.249853027630802,77.9835390946502
91.41681363903587,87.91887125220458,85.3615520282187,89.30041152263375,26.57260435038213,78.98295120517342
90.12345679012346,87.68371546149324,84.15637860082305,90.00587889476779,26.014109347442684,77.57201646090535
91.26984126984127,88.7419165196943,80.65843621399176,89.59435626102292,27.219282774838334,78.36566725455614
90.15285126396238,87.91887125220458,84.65608465608466,89.7119341563786,27.54262198706643,77.95414462081128
91.82833627278072,88.21281599059377,83.50970017636683,90.03527336860671,26.866549088771315,78.21869488536154
91.09347442680776,87.53674309229865,86.24338624338624,88.68312757201646,24.33862433862434,77.18988830099941
91.44620811287479,88.50676072898295,83.15696649029982,90.38800705467372,24.83833039388595,77.9835390946502
91.03468547912993,89.00646678424457,83.9506172839506,89.97648442092887,25.83774250440917,79.33568489124045
90.77013521457967,87.91887125220458,85.15579071134627,89.09465020576131,27.807172251616695,77.39564961787184
90.88771310993533,88.21281599059377,76.95473251028807,89.15343915343915,26.513815402704292,78.777189888301
89.74132863021752,88.38918283362727,82.8042328042328,88.88888888888889,27.36625514403292,78.33627278071722
90.79952968841857,88.5655496766608,85.77307466196356,89.62375073486186,27.395649617871843,78.71840094062317
91.6519694297472,88.5655496766608,84.65608465608466,90.41740152851264,27.454438565549676,78.65961199294532
90.68195179306291,87.88947677836568,84.80305702527924,89.62375073486186,25.044091710758376,78.86537330981776
91.35802469135803,88.44797178130511,73.72134038800705,89.59435626102292,25.308641975308642,78.54203409758965
91.12286890064668,88.5655496766608,84.86184597295708,89.88830099941211,23.42739564961787,78.51263962375073
91.29923574368019,88.4185773074662,84.80305702527924,89.00646678424457,26.513815402704292,78.18930041152264
90.91710758377425,88.44797178130511,85.80246913580247,89.35920047031158,26.366843033509703,78.4538506760729
90.74074074074075,87.88947677836568,85.12639623750735,90.62316284538507,25.01469723691946,77.74838330393887
91.18165784832452,88.38918283362727,85.56731334509112,89.50617283950618,25.220458553791886,78.777189888301
91.1522633744856,88.5655496766608,85.5379188712522,89.59435626102292,27.572016460905353,78.86537330981776
90.97589653145208,88.30099941211053,84.80305702527924,89.41798941798942,29.453262786596117,77.6601998824221
91.6519694297472,88.62433862433863,86.62551440329219,90.29982363315696,24.485596707818928,79.01234567901234
90.91710758377425,88.03644914756026,83.15696649029982,89.7119341563786,23.691945914168137,78.42445620223398
91.35802469135803,88.47736625514403,83.24514991181657,90.38800705467372,27.395649617871843,78.24808935920046
90.38800705467372,88.12463256907701,80.68783068783068,89.35920047031158,27.160493827160494,78.63021751910641
91.68136390358612,88.21281599059377,84.92063492063492,89.32980599647267,26.278659611992943,78.89476778365668
90.94650205761316,88.12463256907701,84.18577307466197,89.74132863021752,25.573192239858905,78.1305114638448
90.56437389770723,88.09523809523809,83.39212228101117,89.41798941798942,26.337448559670783,78.83597883597884
91.6519694297472,88.21281599059377,82.53968253968253,90.27042915931804,26.71957671957672,78.74779541446209
91.35802469135803,87.9482657260435,83.86243386243386,89.32980599647267,24.42680776014109,77.63080540858319
91.24044679600235,88.30099941211053,85.42034097589654,89.59435626102292,27.42504409171076,78.777189888301
91.005291005291,88.65373309817754,78.9535567313345,89.97648442092887,27.92475014697237,78.10111699000588
91.21105232216344,88.15402704291593,85.09700176366843,89.80011757789535,26.308054085831863,78.51263962375073
91.62257495590829,88.59494415049971,85.68489124044679,88.94767783656673,28.012933568489125,78.39506172839506
91.09347442680776,88.50676072898295,79.1005291005291,89.18283362727807,29.4238683127572,78.777189888301
91.18165784832452,88.21281599059377,84.45032333921223,89.59435626102292,26.102292768959433,78.9241622574956
90.88771310993533,88.38918283362727,84.00940623162846,89.12404467960023,25.631981187536745,77.60141093474427
92.32804232804233,88.5655496766608,84.15637860082305,89.88830099941211,26.425631981187536,79.77660199882422
91.18165784832452,88.09523809523809,84.21516754850089,89.2416225749559,28.04232804232804,77.1604938271605
90.74074074074075,88.38918283362727,80.18812463256909,89.50617283950618,25.631981187536745,77.9835390946502
91.41681363903587,88.21281599059377,84.00940623162846,89.80011757789535,27.92475014697237,79.01234567901234
91.62257495590829,88.83009994121105,86.12580834803057,90.29982363315696,27.483833039388593,79.42386831275721
91.06407995296884,88.5655496766608,86.36096413874192,90.06466784244563,26.484420928865372,79.15931804820694
91.3286302175191,88.27160493827161,84.95002939447383,89.82951205173427,27.71898883009994,77.80717225161669
91.3286302175191,87.97766019988242,84.77366255144034,89.30041152263375,26.249265138154026,77.33686067019401
90.50558495002939,88.47736625514403,80.3938859494415,89.30041152263375,24.80893592004703,77.9835390946502
91.56378600823045,88.68312757201646,84.7148736037625,90.03527336860671,26.6901822457378,79.1005291005291
90.09406231628454,88.62433862433863,84.21516754850089,89.03586125808349,26.366843033509703,78.24808935920046
91.18165784832452,88.30099941211053,85.56731334509112,89.2416225749559,26.83715461493239,78.07172251616696
90.74074074074075,87.8012933568489,85.83186360964139,89.94708994708994,26.278659611992943,78.15990593768372
91.50499706055261,88.5655496766608,84.21516754850089,89.30041152263375,26.6901822457378,77.42504409171076
91.03468547912993,87.9482657260435,83.83303938859494,89.53556731334508,25.485008818342152,78.1305114638448
91.3286302175191,87.9482657260435,80.7172251616696,90.03527336860671,25.36743092298648,77.63080540858319
91.21105232216344,88.80070546737213,83.98001175778954,89.82951205173427,27.07231040564374,78.60082304526749
90.91710758377425,87.9482657260435,85.21457965902411,89.41798941798942,26.513815402704292,78.89476778365668
91.09347442680776,88.44797178130511,86.53733098177543,89.50617283950618,24.103468547912993,78.65961199294532
90.38800705467372,88.44797178130511,86.06701940035273,89.53556731334508,28.57142857142857,76.16108171663727
91.12286890064668,88.44797178130511,82.86302175191064,89.47677836566726,26.57260435038213,78.65961199294532
90.24103468547912,87.65432098765432,81.18753674309231,89.53556731334508,26.925338036449148,79.01234567901234
90.53497942386831,87.86008230452676,82.98059964726632,89.65314520870076,25.220458553791886,78.86537330981776
91.41681363903587,87.91887125220458,85.77307466196356,88.83009994121105,26.954732510288064,78.15990593768372
91.06407995296884,89.09465020576131,85.94944150499705,90.3586125808348,26.014109347442684,78.80658436213992
90.71134626690183,88.77131099353322,85.00881834215167,89.2416225749559,28.95355673133451,78.42445620223398
90.56437389770723,88.38918283362727,85.09700176366843,89.80011757789535,27.660199882422106,79.30629041740153
91.35802469135803,88.18342151675485,84.12698412698413,90.44679600235156,25.455614344503235,79.65902410346854
91.44620811287479,88.4185773074662,85.92004703115815,89.91769547325103,27.54262198706643,79.21810699588477
90.38800705467372,87.88947677836568,84.0975896531452,88.97707231040565,28.39506172839506,76.3668430335097
90.77013521457967,88.30099941211053,84.21516754850089,89.3885949441505,26.66078777189888,78.98295120517342
90.94650205761316,88.33039388594945,83.06878306878306,89.77072310405644,26.89594356261023,77.5132275132275
89.74132863021752,88.33039388594945,85.44973544973546,88.7419165196943,27.71898883009994,77.60141093474427
91.1522633744856,88.5655496766608,86.03762492651381,89.65314520870076,25.36743092298648,79.04174015285126
91.09347442680776,88.5655496766608,81.89300411522635,90.1822457378013,26.83715461493239,77.42504409171076
91.3286302175191,88.50676072898295,84.80305702527924,90.1822457378013,26.63139329805996,78.21869488536154
91.21105232216344,88.77131099353322,86.30217519106408,89.68253968253968,27.24867724867725,78.07172251616696
89.82951205173427,88.50676072898295,83.42151675485009,90.21164021164022,24.867724867724867,78.18930041152264
91.38741916519695,88.09523809523809,85.24397413286302,89.32980599647267,28.865373309817755,77.71898883009995
90.62316284538507,88.97707231040565,85.30276308054086,89.91769547325103,25.86713697824809,78.98295120517342
90.68195179306291,87.91887125220458,79.71781305114638,89.97648442092887,26.57260435038213,78.18930041152264
90.50558495002939,88.44797178130511,85.80246913580247,89.88830099941211,26.984126984126984,78.18930041152264
91.18165784832452,88.15402704291593,76.83715461493239,88.88888888888889,26.807760141093475,78.1305114638448
90.77013521457967,88.24221046443269,78.24808935920046,89.85890652557319,27.71898883009994,78.48324514991182
92.09288653733098,88.47736625514403,87.06643151087596,89.68253968253968,26.0435038212816,79.04174015285126
91.09347442680776,88.15402704291593,84.83245149911816,89.32980599647267,26.866549088771315,78.4538506760729
90.12345679012346,88.59494415049971,84.86184597295708,88.88888888888889,26.455026455026452,77.18988830099941
90.12345679012346,88.33039388594945,85.09700176366843,89.44738389182834,24.867724867724867,77.4838330393886
90.71134626690183,88.30099941211053,84.50911228689006,89.03586125808349,28.659611992945326,77.77777777777779
91.44620811287479,88.12463256907701,86.27278071722516,89.41798941798942,25.249853027630802,77.5132275132275
90.50558495002939,88.38918283362727,85.56731334509112,89.77072310405644,29.394473838918284,77.60141093474427
91.26984126984127,88.18342151675485,86.06701940035273,89.27101704879483,29.188712522045858,78.36566725455614
91.21105232216344,88.24221046443269,83.65667254556143,89.91769547325103,28.80658436213992,78.18930041152264
91.005291005291,88.09523809523809,85.62610229276896,89.59435626102292,25.573192239858905,78.27748383303938
91.50499706055261,88.24221046443269,82.51028806584361,89.53556731334508,27.77777777777778,77.83656672545561
91.06407995296884,88.27160493827161,85.50852439741328,90.03527336860671,28.130511463844798,78.98295120517342
91.56378600823045,88.38918283362727,73.98589065255732,89.564961787184,26.308054085831863,79.39447383891827
89.77072310405644,88.71252204585538,83.56848912404467,89.85890652557319,28.57142857142857,78.74779541446209
91.09347442680776,88.80070546737213,84.12698412698413,89.97648442092887,26.83715461493239,78.07172251616696
91.74015285126397,89.03586125808349,76.07289829512052,89.68253968253968,24.485596707818928,78.18930041152264
90.29982363315696,88.50676072898295,80.33509700176367,89.53556731334508,24.19165196942975,79.21810699588477
91.005291005291,88.38918283362727,84.18577307466197,89.15343915343915,28.865373309817755,78.68900646678424
91.62257495590829,88.65373309817754,85.80246913580247,89.41798941798942,26.102292768959433,78.33627278071722
91.18165784832452,88.62433862433863,81.27572016460906,90.03527336860671,26.39623750734862,79.42386831275721
90.8289241622575,88.24221046443269,84.50911228689006,90.3292181069959,28.74779541446208,79.77660199882422
91.35802469135803,88.4185773074662,86.59611992945327,89.3885949441505,27.131099353321574,78.42445620223398
91.56378600823045,88.27160493827161,83.83303938859494,89.00646678424457,28.159905937683718,78.9535567313345
90.09406231628454,87.88947677836568,83.42151675485009,88.9182833627278,26.6901822457378,77.89535567313345
90.68195179306291,88.65373309817754,79.98236331569665,89.27101704879483,26.455026455026452,78.01293356848913
90.68195179306291,88.35978835978835,83.15696649029982,90.41740152851264,24.19165196942975,77.4838330393886
90.56437389770723,88.06584362139918,86.4785420340976,90.09406231628454,25.044091710758376,78.777189888301
92.1222810111699,88.88888888888889,84.33274544385657,90.1822457378013,28.483245149911816,78.57142857142857
90.62316284538507,88.00705467372134,77.39564961787184,89.82951205173427,29.659024103468546,77.21928277483833
90.94650205761316,88.21281599059377,85.59670781893004,90.09406231628454,25.33803644914756,77.33686067019401
90.71134626690183,87.74250440917108,84.74426807760142,89.0652557319224,27.54262198706643,79.18871252204586
90.91710758377425,87.88947677836568,82.74544385655497,89.80011757789535,27.572016460905353,76.66078777189888
90.56437389770723,87.88947677836568,82.45149911816578,89.7119341563786,26.63139329805996,77.74838330393887
91.50499706055261,88.18342151675485,74.04467960023516,89.12404467960023,26.513815402704292,78.71840094062317
90.77013521457967,88.24221046443269,84.45032333921223,89.03586125808349,29.51205173427396,79.21810699588477
90.50558495002939,88.24221046443269,85.21457965902411,90.06466784244563,28.39506172839506,79.1005291005291
91.44620811287479,88.68312757201646,86.68430335097001,89.564961787184,26.954732510288064,79.12992357436802
92.1222810111699,88.35978835978835,82.89241622574956,89.59435626102292,25.808348030570254,79.45326278659613
90.47619047619048,87.74250440917108,85.44973544973546,89.41798941798942,26.543209876543212,78.4538506760729
91.26984126984127,88.09523809523809,81.01116990005879,89.21222810111699,25.573192239858905,78.54203409758965
91.41681363903587,88.53615520282186,86.03762492651381,89.85890652557319,27.0135214579659,78.39506172839506
90.88771310993533,88.21281599059377,83.30393885949442,89.27101704879483,27.36625514403292,78.71840094062317
90.50558495002939,88.21281599059377,83.65667254556143,89.85890652557319,25.984714873603764,78.68900646678424
91.26984126984127,88.12463256907701,85.0382128159906,89.68253968253968,26.13168724279835,78.04232804232805
91.7989417989418,88.15402704291593,84.18577307466197,90.56437389770723,24.77954144620811,79.01234567901234
90.68195179306291,87.53674309229865,73.25102880658436,89.18283362727807,25.01469723691946,77.77777777777779
90.91710758377425,88.27160493827161,84.83245149911816,90.24103468547912,27.24867724867725,78.18930041152264
91.24044679600235,88.44797178130511,85.74368018812464,89.50617283950618,27.92475014697237,77.92475014697237
90.97589653145208,88.27160493827161,85.27336860670194,89.27101704879483,26.57260435038213,78.39506172839506
91.1522633744856,88.09523809523809,83.89182833627278,89.74132863021752,27.219282774838334,78.4538506760729
91.44620811287479,88.7419165196943,84.65608465608466,89.77072310405644,26.278659611992943,78.65961199294532
90.77013521457967,88.9182833627278,82.65726043503821,88.83009994121105,26.74897119341564,78.57142857142857
90.85831863609641,87.86008230452676,85.24397413286302,88.9182833627278,27.71898883009994,78.68900646678424
91.24044679600235,87.88947677836568,84.68547912992358,89.564961787184,25.896531452087007,78.63021751910641
91.12286890064668,88.44797178130511,82.1575543797766,89.82951205173427,25.01469723691946,78.48324514991182
90.3586125808348,88.21281599059377,83.33333333333334,89.62375073486186,26.072898295120517,78.15990593768372
90.77013521457967,88.33039388594945,84.45032333921223,89.44738389182834,27.513227513227513,77.45443856554968
90.79952968841857,88.27160493827161,84.15637860082305,89.68253968253968,27.131099353321574,77.89535567313345
91.1522633744856,88.44797178130511,76.89594356261023,90.00587889476779,24.6031746031746,78.01293356848913
90.94650205761316,88.65373309817754,85.89065255731923,90.3292181069959,29.159318048206938,78.83597883597884
91.12286890064668,88.09523809523809,83.45091122868901,89.91769547325103,29.159318048206938,78.3068783068783
90.97589653145208,88.18342151675485,84.06819517930629,89.53556731334508,28.600823045267486,78.10111699000588
91.005291005291,88.77131099353322,85.30276308054086,90.41740152851264,26.161081716637273,77.3074661963551
90.3292181069959,88.24221046443269,81.65784832451499,90.12345679012346,25.073486184597293,79.12992357436802
90.94650205761316,88.30099941211053,83.86243386243386,89.68253968253968,25.249853027630802,78.36566725455614
90.91710758377425,88.33039388594945,85.33215755437978,89.21222810111699,28.659611992945326,78.83597883597884
90.85831863609641,87.77189888301,83.36272780717225,90.12345679012346,28.600823045267486,78.24808935920046
91.7989417989418,88.30099941211053,85.80246913580247,89.41798941798942,27.336860670194003,78.74779541446209
90.50558495002939,88.21281599059377,83.42151675485009,89.88830099941211,27.483833039388593,78.68900646678424
91.41681363903587,88.35978835978835,85.0382128159906,88.53615520282186,27.101704879482657,77.54262198706643
90.53497942386831,88.24221046443269,82.77483833039389,89.80011757789535,27.572016460905353,78.48324514991182
91.18165784832452,88.27160493827161,85.71428571428571,89.47677836566726,25.36743092298648,78.15990593768372
90.27042915931804,88.00705467372134,84.18577307466197,89.41798941798942,26.89594356261023,78.42445620223398
90.59376837154615,88.03644914756026,84.00940623162846,89.65314520870076,26.601998824221045,78.4538506760729
91.4756025867137,88.09523809523809,86.0082304526749,89.12404467960023,27.219282774838334,79.1005291005291
91.29923574368019,88.4185773074662,81.77542621987067,89.62375073486186,28.365667254556143,77.92475014697237
91.6519694297472,88.62433862433863,83.9506172839506,89.35920047031158,26.190476190476193,78.42445620223398
90.88771310993533,88.50676072898295,84.18577307466197,88.9182833627278,27.836566725455615,78.48324514991182
90.77013521457967,88.15402704291593,85.18518518518519,89.27101704879483,26.63139329805996,78.07172251616696
91.74015285126397,88.44797178130511,76.27865961199295,89.91769547325103,26.161081716637273,78.33627278071722
91.005291005291,88.50676072898295,84.03880070546738,89.82951205173427,26.425631981187536,78.9535567313345
91.24044679600235,88.21281599059377,76.66078777189888,89.41798941798942,23.3098177542622,78.01293356848913
91.1522633744856,88.77131099353322,76.77836566725456,89.35920047031158,25.36743092298648,78.21869488536154
91.005291005291,88.09523809523809,85.33215755437978,89.94708994708994,27.0135214579659,77.80717225161669
91.50499706055261,88.68312757201646,84.95002939447383,89.68253968253968,29.894179894179896,77.5132275132275
90.8289241622575,88.94767783656673,85.92004703115815,90.47619047619048,28.95355673133451,77.57201646090535
90.27042915931804,88.15402704291593,85.27336860670194,89.59435626102292,26.807760141093475,78.1305114638448
90.3586125808348,88.30099941211053,84.95002939447383,90.24103468547912,25.01469723691946,78.4538506760729
91.59318048206937,88.5655496766608,86.24338624338624,89.18283362727807,24.514991181657848,78.1305114638448
91.29923574368019,87.97766019988242,81.74603174603175,89.82951205173427,25.86713697824809,77.83656672545561
91.09347442680776,87.68371546149324,77.18988830099941,89.82951205173427,28.10111699000588,79.07113462669018
91.18165784832452,88.18342151675485,81.86360964138741,89.68253968253968,24.45620223398001,78.63021751910641
91.1522633744856,88.47736625514403,84.77366255144034,89.80011757789535,27.278071722516167,79.39447383891827
91.12286890064668,88.62433862433863,84.97942386831275,89.00646678424457,26.39623750734862,78.04232804232805
89.53556731334508,88.06584362139918,81.77542621987067,89.77072310405644,27.395649617871843,78.21869488536154
91.7989417989418,88.15402704291593,85.12639623750735,89.7119341563786,25.396825396825395,78.9241622574956
91.85773074661964,87.74250440917108,86.18459729570841,89.15343915343915,26.278659611992943,78.48324514991182
92.03409758965314,88.88888888888889,86.24338624338624,89.7119341563786,25.749559082892414,78.48324514991182
91.76954732510289,88.5655496766608,84.68547912992358,90.00587889476779,26.866549088771315,78.74779541446209
90.24103468547912,87.9482657260435,84.65608465608466,89.77072310405644,25.66137566137566,78.18930041152264
90.06466784244563,87.88947677836568,84.27395649617871,89.32980599647267,25.83774250440917,78.1305114638448
91.06407995296884,88.24221046443269,79.18871252204586,88.83009994121105,25.86713697824809,78.80658436213992
90.97589653145208,88.4185773074662,76.5432098765432,89.7119341563786,25.631981187536745,78.18930041152264
91.3286302175191,88.59494415049971,81.6872427983539,90.15285126396238,26.71957671957672,78.27748383303938
91.62257495590829,88.38918283362727,85.65549676660787,90.06466784244563,26.014109347442684,79.86478542034098
90.79952968841857,88.77131099353322,84.68547912992358,90.06466784244563,27.24867724867725,76.89594356261023
91.09347442680776,88.00705467372134,84.97942386831275,89.35920047031158,28.600823045267486,78.01293356848913
91.03468547912993,87.74250440917108,85.71428571428571,89.94708994708994,28.483245149911816,78.777189888301
91.6519694297472,88.62433862433863,82.45149911816578,89.27101704879483,27.630805408583186,78.74779541446209
90.88771310993533,88.77131099353322,86.44914756025868,90.74074074074075,28.512639623750736,78.9241622574956
91.18165784832452,88.44797178130511,85.30276308054086,89.91769547325103,25.77895355673133,78.24808935920046
91.35802469135803,88.68312757201646,83.42151675485009,89.41798941798942,24.30922986478542,77.39564961787184
91.59318048206937,88.15402704291593,84.68547912992358,89.32980599647267,24.573780129335685,76.98412698412699
91.35802469135803,88.80070546737213,85.83186360964139,89.7119341563786,25.249853027630802,76.86654908877131
89.77072310405644,88.35978835978835,85.74368018812464,89.82951205173427,24.485596707818928,78.60082304526749
91.005291005291,88.00705467372134,86.4785420340976,88.94767783656673,27.748383303938862,78.74779541446209
90.94650205761316,88.21281599059377,84.45032333921223,89.44738389182834,26.072898295120517,78.33627278071722
90.21164021164022,88.00705467372134,85.27336860670194,90.00587889476779,24.750146972369194,78.54203409758965
90.65255731922399,87.74250440917108,83.39212228101117,89.68253968253968,29.482657260435037,77.1604938271605
91.18165784832452,88.09523809523809,85.59670781893004,89.68253968253968,25.16166960611405,77.57201646090535
91.50499706055261,88.35978835978835,80.3938859494415,89.91769547325103,25.396825396825395,78.18930041152264
91.59318048206937,88.27160493827161,81.95179306290417,89.564961787184,27.042915931804824,79.18871252204586
90.8289241622575,88.4185773074662,85.3615520282187,90.44679600235156,25.426219870664312,79.30629041740153
89.59435626102292,88.09523809523809,66.2551440329218,89.41798941798942,24.103468547912993,78.33627278071722
91.005291005291,88.21281599059377,85.27336860670194,89.50617283950618,24.750146972369194,77.36625514403292
90.8289241622575,87.97766019988242,86.12580834803057,89.21222810111699,24.83833039388595,77.57201646090535
90.53497942386831,88.35978835978835,83.06878306878306,89.47677836566726,27.42504409171076,78.65961199294532
91.50499706055261,88.33039388594945,85.97883597883597,89.30041152263375,26.513815402704292,78.54203409758965
91.09347442680776,88.30099941211053,82.77483833039389,89.77072310405644,24.074074074074073,77.71898883009995
91.50499706055261,88.44797178130511,86.12580834803057,90.85831863609641,24.63256907701352,78.65961199294532
91.24044679600235,88.35978835978835,83.83303938859494,89.47677836566726,26.71957671957672,78.3068783068783
90.47619047619048,88.38918283362727,84.03880070546738,89.32980599647267,26.39623750734862,78.39506172839506
92.06349206349206,88.38918283362727,84.65608465608466,90.12345679012346,27.807172251616695,78.36566725455614
91.6519694297472,88.77131099353322,78.54203409758965,89.85890652557319,26.954732510288064,78.98295120517342
91.56378600823045,88.24221046443269,84.30335097001763,89.62375073486186,29.4238683127572,77.5132275132275
89.65314520870076,88.27160493827161,85.00881834215167,89.7119341563786,26.190476190476193,78.54203409758965
92.00470311581422,87.97766019988242,85.47912992357438,89.65314520870076,26.13168724279835,78.42445620223398
90.8289241622575,88.38918283362727,84.18577307466197,89.62375073486186,25.86713697824809,78.51263962375073
91.74015285126397,88.4185773074662,85.3615520282187,89.65314520870076,26.21987066431511,78.54203409758965
91.71075837742504,88.71252204585538,86.21399176954732,89.65314520870076,26.249265138154026,76.10229276895943
91.24044679600235,88.7419165196943,84.24456202233979,89.94708994708994,25.95532039976484,77.6601998824221
91.1522633744856,88.5655496766608,82.86302175191064,89.09465020576131,25.984714873603764,78.07172251616696
90.71134626690183,88.21281599059377,75.33803644914757,89.74132863021752,26.57260435038213,77.83656672545561
90.71134626690183,87.86008230452676,78.42445620223398,89.77072310405644,27.278071722516167,78.39506172839506
90.79952968841857,88.24221046443269,83.45091122868901,89.65314520870076,26.513815402704292,77.4838330393886
91.38741916519695,88.33039388594945,86.12580834803057,90.09406231628454,29.835390946502056,78.60082304526749
90.53497942386831,88.50676072898295,83.42151675485009,89.35920047031158,27.395649617871843,78.36566725455614
91.26984126984127,88.12463256907701,84.12698412698413,90.09406231628454,26.71957671957672,78.4538506760729
90.62316284538507,88.12463256907701,82.59847148736038,90.15285126396238,27.0135214579659,78.68900646678424
91.76954732510289,88.18342151675485,85.77307466196356,89.00646678424457,26.190476190476193,77.92475014697237
91.38741916519695,88.50676072898295,84.12698412698413,89.47677836566726,26.543209876543212,77.63080540858319
90.88771310993533,88.06584362139918,84.45032333921223,89.03586125808349,28.777189888300995,77.1604938271605
91.68136390358612,88.85949441504997,85.56731334509112,90.44679600235156,26.543209876543212,78.74779541446209
90.94650205761316,88.15402704291593,83.89182833627278,89.62375073486186,26.513815402704292,77.80717225161669
90.79952968841857,88.65373309817754,86.56672545561435,90.47619047619048,24.95590828924162,77.92475014697237
90.91710758377425,88.33039388594945,84.92063492063492,89.88830099941211,27.454438565549676,77.5132275132275
90.27042915931804,88.06584362139918,86.06701940035273,89.53556731334508,24.95590828924162,77.57201646090535
90.74074074074075,88.00705467372134,83.15696649029982,89.32980599647267,25.16166960611405,79.15931804820694
91.005291005291,88.85949441504997,84.77366255144034,89.82951205173427,25.102880658436217,79.36507936507937
92.1222810111699,87.68371546149324,84.62669018224574,90.00587889476779,25.220458553791886,79.04174015285126
91.12286890064668,88.4185773074662,86.24338624338624,89.74132863021752,26.484420928865372,79.21810699588477
90.53497942386831,88.03644914756026,85.18518518518519,89.80011757789535,26.190476190476193,78.10111699000588
90.77013521457967,88.15402704291593,86.21399176954732,89.7119341563786,26.71957671957672,76.80776014109347
91.1522633744856,87.97766019988242,84.97942386831275,89.3885949441505,27.660199882422106,77.68959435626103
91.1522633744856,88.4185773074662,80.27630805408583,89.44738389182834,25.308641975308642,78.71840094062317
90.09406231628454,88.53615520282186,80.74661963550852,90.21164021164022,27.42504409171076,77.68959435626103
90.24103468547912,87.71310993533216,85.68489124044679,89.44738389182834,24.98530276308054,78.04232804232805
90.56437389770723,88.30099941211053,85.06760728982951,89.0652557319224,24.63256907701352,77.18988830099941
91.29923574368019,88.03644914756026,83.83303938859494,89.77072310405644,26.57260435038213,78.27748383303938
90.56437389770723,88.03644914756026,85.89065255731923,89.44738389182834,23.221634332745445,78.33627278071722
91.38741916519695,88.50676072898295,86.4785420340976,90.1822457378013,29.306290417401527,78.83597883597884
90.53497942386831,88.71252204585538,82.92181069958848,90.12345679012346,26.866549088771315,77.42504409171076
90.56437389770723,87.62492651381541,86.39035861258083,90.24103468547912,24.80893592004703,78.36566725455614
91.41681363903587,88.77131099353322,85.92004703115815,89.94708994708994,28.04232804232804,79.36507936507937
90.8289241622575,87.97766019988242,85.68489124044679,89.564961787184,27.0135214579659,77.4838330393886
91.4756025867137,88.53615520282186,84.62669018224574,90.09406231628454,24.926513815402704,78.54203409758965
91.21105232216344,88.24221046443269,86.09641387419165,89.03586125808349,28.80658436213992,78.24808935920046
91.1522633744856,88.24221046443269,85.94944150499705,89.564961787184,27.219282774838334,78.51263962375073
90.85831863609641,88.77131099353322,85.09700176366843,90.15285126396238,25.249853027630802,77.63080540858319
91.005291005291,88.03644914756026,83.71546149323927,90.29982363315696,25.808348030570254,78.60082304526749
90.3586125808348,88.18342151675485,76.39623750734862,88.85949441504997,28.336272780717227,78.71840094062317
91.3286302175191,88.30099941211053,84.18577307466197,89.94708994708994,25.720164609053498,78.71840094062317
90.62316284538507,88.06584362139918,83.21575543797766,89.80011757789535,28.542034097589653,79.15931804820694
91.24044679600235,88.38918283362727,84.21516754850089,89.77072310405644,27.131099353321574,77.33686067019401
90.94650205761316,88.21281599059377,84.95002939447383,89.53556731334508,22.95708406819518,79.71781305114638
91.24044679600235,88.12463256907701,83.24514991181657,89.12404467960023,25.925925925925924,78.15990593768372
90.68195179306291,88.21281599059377,83.27454438565549,89.59435626102292,25.66137566137566,78.9241622574956
90.38800705467372,88.24221046443269,82.6278659611993,89.59435626102292,24.720752498530278,78.71840094062317
91.09347442680776,88.9182833627278,84.00940623162846,90.15285126396238,25.36743092298648,78.54203409758965
91.38741916519695,88.4185773074662,85.86125808348031,90.06466784244563,25.16166960611405,79.60023515579071
91.41681363903587,88.38918283362727,78.10111699000588,89.44738389182834,26.866549088771315,80.36449147560259
91.62257495590829,88.65373309817754,83.27454438565549,89.91769547325103,23.486184597295708,76.95473251028807
91.09347442680776,88.94767783656673,85.86125808348031,89.97648442092887,26.63139329805996,78.27748383303938
91.62257495590829,88.50676072898295,84.95002939447383,90.12345679012346,28.248089359200467,78.65961199294532
91.26984126984127,88.15402704291593,82.21634332745444,89.85890652557319,26.984126984126984,77.57201646090535
91.94591416813638,88.65373309817754,85.21457965902411,89.62375073486186,26.83715461493239,78.3068783068783
90.56437389770723,88.00705467372134,86.03762492651381,89.12404467960023,24.83833039388595,78.68900646678424
90.74074074074075,87.97766019988242,84.39153439153439,89.12404467960023,28.04232804232804,78.71840094062317
91.3286302175191,87.68371546149324,85.18518518518519,89.91769547325103,27.54262198706643,78.9241622574956
90.3292181069959,88.00705467372134,84.0975896531452,89.12404467960023,27.86596119929453,78.07172251616696
90.29982363315696,88.35978835978835,85.09700176366843,89.80011757789535,26.161081716637273,78.65961199294532
91.03468547912993,87.8012933568489,84.33274544385657,89.62375073486186,27.131099353321574,79.5708406819518
90.74074074074075,88.15402704291593,82.9512051734274,89.59435626102292,26.072898295120517,77.3074661963551
91.62257495590829,88.7419165196943,84.95002939447383,90.06466784244563,23.015873015873016,78.74779541446209
90.97589653145208,88.30099941211053,85.68489124044679,90.29982363315696,24.250440917107582,79.71781305114638
90.88771310993533,87.62492651381541,84.83245149911816,89.7119341563786,27.71898883009994,77.95414462081128
91.74015285126397,88.30099941211053,84.0975896531452,90.41740152851264,26.072898295120517,78.65961199294532
90.68195179306291,88.7419165196943,85.5379188712522,89.18283362727807,26.484420928865372,77.18988830099941
91.59318048206937,88.38918283362727,86.5079365079365,89.68253968253968,24.45620223398001,78.48324514991182
91.56378600823045,88.47736625514403,85.18518518518519,90.06466784244563,27.219282774838334,79.60023515579071
91.24044679600235,87.77189888301,85.5379188712522,89.18283362727807,26.74897119341564,77.77777777777779
91.12286890064668,89.03586125808349,84.53850676072898,90.3292181069959,25.19106407995297,78.24808935920046
91.26984126984127,88.06584362139918,83.27454438565549,89.62375073486186,26.0435038212816,77.9835390946502
91.29923574368019,87.59553203997649,85.30276308054086,89.91769547325103,27.278071722516167,77.27807172251616
90.79952968841857,88.4185773074662,79.39447383891827,89.94708994708994,28.365667254556143,77.36625514403292
90.74074074074075,88.00705467372134,81.56966490299824,89.2416225749559,28.336272780717227,78.01293356848913
90.03527336860671,87.8012933568489,75.45561434450323,89.30041152263375,27.0135214579659,78.1305114638448
91.29923574368019,88.5655496766608,86.331569664903,89.94708994708994,26.807760141093475,78.42445620223398
91.21105232216344,88.9182833627278,85.30276308054086,90.21164021164022,26.455026455026452,77.27807172251616
91.56378600823045,88.00705467372134,82.68665490887713,89.62375073486186,25.514403292181072,78.15990593768372
90.50558495002939,87.8012933568489,82.6278659611993,89.41798941798942,25.01469723691946,77.68959435626103
91.21105232216344,88.18342151675485,85.65549676660787,89.32980599647267,24.897119341563787,78.60082304526749
90.8289241622575,88.21281599059377,85.33215755437978,89.94708994708994,27.660199882422106,77.10170487948265
90.62316284538507,87.83068783068782,82.27513227513228,89.09465020576131,25.073486184597293,77.13109935332157
90.68195179306291,88.94767783656673,79.51205173427395,90.03527336860671,25.749559082892414,78.4538506760729
90.77013521457967,88.27160493827161,84.92063492063492,89.41798941798942,26.425631981187536,77.92475014697237
91.71075837742504,88.9182833627278,82.8042328042328,90.1822457378013,27.807172251616695,78.21869488536154
90.97589653145208,87.97766019988242,84.30335097001763,89.32980599647267,25.631981187536745,78.01293356848913
90.29982363315696,88.53615520282186,85.24397413286302,89.35920047031158,26.925338036449148,77.83656672545561
90.29982363315696,87.86008230452676,74.2798353909465,89.53556731334508,27.219282774838334,78.4538506760729
90.77013521457967,88.62433862433863,85.06760728982951,89.68253968253968,24.16225749559083,77.89535567313345
91.3286302175191,88.50676072898295,84.83245149911816,89.35920047031158,28.21869488536155,78.48324514991182
91.68136390358612,88.35978835978835,80.83480305702528,89.50617283950618,25.573192239858905,78.18930041152264
91.18165784832452,88.71252204585538,85.47912992357438,89.80011757789535,27.954144620811288,79.12992357436802
91.76954732510289,88.65373309817754,83.1275720164609,89.0652557319224,29.188712522045858,77.71898883009995
90.8289241622575,87.91887125220458,85.62610229276896,90.15285126396238,24.514991181657848,78.21869488536154
91.21105232216344,88.27160493827161,83.00999412110524,89.7119341563786,26.21987066431511,78.24808935920046
90.15285126396238,88.30099941211053,84.15637860082305,90.09406231628454,26.66078777189888,78.74779541446209
91.59318048206937,88.09523809523809,84.92063492063492,90.09406231628454,25.044091710758376,78.71840094062317
90.68195179306291,88.33039388594945,85.47912992357438,90.12345679012346,26.866549088771315,78.21869488536154
91.29923574368019,88.4185773074662,84.68547912992358,89.88830099941211,24.30922986478542,78.10111699000588
91.38741916519695,88.03644914756026,83.50970017636683,89.15343915343915,28.777189888300995,78.74779541446209
91.24044679600235,88.5655496766608,83.39212228101117,90.12345679012346,28.27748383303939,78.07172251616696
90.94650205761316,88.00705467372134,84.21516754850089,89.68253968253968,26.66078777189888,79.62962962962963
91.85773074661964,87.62492651381541,82.42210464432686,89.32980599647267,26.63139329805996,78.04232804232805
90.91710758377425,88.53615520282186,83.39212228101117,89.94708994708994,28.659611992945326,77.07231040564373
91.005291005291,87.9482657260435,84.30335097001763,89.2416225749559,27.131099353321574,78.86537330981776
91.3286302175191,88.4185773074662,84.24456202233979,89.59435626102292,23.927101704879483,76.98412698412699
91.26984126984127,88.4185773074662,79.51205173427395,89.91769547325103,26.66078777189888,78.68900646678424
92.23985890652557,88.53615520282186,85.24397413286302,89.09465020576131,26.21987066431511,79.62962962962963
92.06349206349206,88.38918283362727,84.891240446796,89.77072310405644,26.71957671957672,79.07113462669018
91.71075837742504,88.33039388594945,84.27395649617871,90.00587889476779,27.0135214579659,78.36566725455614
90.3586125808348,88.15402704291593,85.3615520282187,90.21164021164022,26.161081716637273,78.10111699000588
90.38800705467372,88.18342151675485,70.95825984714874,89.7119341563786,27.660199882422106,77.83656672545561
91.35802469135803,88.68312757201646,86.5079365079365,89.65314520870076,25.514403292181072,78.01293356848913
91.18165784832452,88.09523809523809,82.68665490887713,89.3885949441505,25.573192239858905,77.57201646090535
89.85890652557319,88.50676072898295,85.06760728982951,88.94767783656673,27.278071722516167,76.5432098765432
91.6519694297472,88.30099941211053,85.30276308054086,90.06466784244563,26.484420928865372,78.04232804232805
90.65255731922399,88.47736625514403,82.56907701352145,89.97648442092887,25.279247501469726,78.36566725455614
90.38800705467372,88.06584362139918,81.54027042915932,89.44738389182834,25.514403292181072,78.3068783068783
90.88771310993533,88.4185773074662,80.3938859494415,89.50617283950618,29.24750146972369,77.6601998824221
90.59376837154615,88.21281599059377,83.30393885949442,89.15343915343915,25.33803644914756,79.54144620811287
91.06407995296884,88.18342151675485,85.50852439741328,90.15285126396238,26.425631981187536,77.18988830099941
91.005291005291,87.83068783068782,81.3639035861258,89.59435626102292,27.630805408583186,77.95414462081128
90.8289241622575,87.9482657260435,82.59847148736038,90.47619047619048,26.866549088771315,77.57201646090535
91.03468547912993,87.8012933568489,81.09935332157553,89.00646678424457,24.750146972369194,77.13109935332157
91.62257495590829,88.44797178130511,85.59670781893004,90.09406231628454,26.072898295120517,77.83656672545561
90.53497942386831,88.71252204585538,83.9212228101117,89.82951205173427,27.660199882422106,78.54203409758965
91.12286890064668,88.50676072898295,78.24808935920046,89.88830099941211,25.631981187536745,77.13109935332157
91.18165784832452,88.50676072898295,86.03762492651381,89.27101704879483,26.425631981187536,79.80599647266314
90.91710758377425,88.7419165196943,84.62669018224574,89.3885949441505,27.395649617871843,77.63080540858319
91.12286890064668,88.24221046443269,85.27336860670194,89.59435626102292,26.543209876543212,78.80658436213992
91.26984126984127,88.03644914756026,85.00881834215167,90.3586125808348,25.86713697824809,76.95473251028807
90.77013521457967,88.15402704291593,84.15637860082305,90.1822457378013,26.249265138154026,77.80717225161669
90.74074074074075,88.47736625514403,82.86302175191064,89.94708994708994,25.573192239858905,76.57260435038212
90.71134626690183,88.9182833627278,84.27395649617871,89.68253968253968,27.18988830099941,78.89476778365668
91.88712522045856,88.68312757201646,84.80305702527924,90.06466784244563,28.365667254556143,78.74779541446209
91.005291005291,88.62433862433863,86.30217519106408,89.03586125808349,28.365667254556143,78.21869488536154
90.29982363315696,88.06584362139918,84.891240446796,89.41798941798942,24.867724867724867,78.51263962375073
90.59376837154615,88.68312757201646,85.83186360964139,89.09465020576131,26.455026455026452,78.74779541446209
90.79952968841857,88.4185773074662,85.06760728982951,89.68253968253968,24.95590828924162,79.07113462669018
90.88771310993533,88.5655496766608,82.36331569664902,89.35920047031158,23.985890652557316,78.80658436213992
91.26984126984127,88.5655496766608,84.42092886537331,89.68253968253968,25.896531452087007,77.86596119929453
90.8289241622575,88.12463256907701,84.18577307466197,89.94708994708994,23.574368018812464,79.33568489124045
91.76954732510289,88.77131099353322,84.80305702527924,89.44738389182834,27.748383303938862,80.36449147560259
90.24103468547912,88.38918283362727,85.00881834215167,89.18283362727807,25.279247501469726,78.07172251616696
91.03468547912993,88.33039388594945,83.24514991181657,90.06466784244563,24.66196355085244,78.48324514991182
90.74074074074075,88.65373309817754,85.71428571428571,90.27042915931804,26.984126984126984,78.33627278071722
91.41681363903587,88.83009994121105,84.95002939447383,90.1822457378013,27.513227513227513,77.24867724867724
91.53439153439153,88.18342151675485,82.77483833039389,90.15285126396238,24.95590828924162,77.71898883009995
91.1522633744856,87.91887125220458,84.95002939447383,89.94708994708994,25.749559082892414,79.24750146972369
90.88771310993533,88.38918283362727,84.06819517930629,90.09406231628454,24.95590828924162,78.04232804232805
91.82833627278072,88.97707231040565,85.18518518518519,89.80011757789535,25.69077013521458,78.71840094062317
91.35802469135803,88.38918283362727,81.77542621987067,89.88830099941211,26.74897119341564,78.42445620223398
91.35802469135803,88.97707231040565,78.74779541446209,89.47677836566726,24.867724867724867,78.39506172839506
90.24103468547912,87.38977072310405,85.80246913580247,90.21164021164022,27.60141093474427,78.1305114638448
91.26984126984127,88.38918283362727,84.27395649617871,89.41798941798942,26.807760141093475,77.68959435626103
91.21105232216344,88.24221046443269,86.06701940035273,90.56437389770723,27.042915931804824,78.15990593768372
91.59318048206937,87.68371546149324,82.1575543797766,89.15343915343915,28.012933568489125,77.54262198706643
91.26984126984127,88.30099941211053,85.62610229276896,89.09465020576131,24.77954144620811,77.71898883009995
90.41740152851264,88.27160493827161,85.0382128159906,90.06466784244563,26.807760141093475,78.18930041152264
90.53497942386831,87.71310993533216,84.50911228689006,89.59435626102292,25.720164609053498,79.21810699588477
91.03468547912993,88.35978835978835,84.74426807760142,89.97648442092887,26.66078777189888,78.51263962375073
91.38741916519695,88.44797178130511,85.15579071134627,89.50617283950618,23.897707231040563,79.36507936507937
91.21105232216344,88.09523809523809,84.59729570840682,89.82951205173427,28.39506172839506,78.36566725455614
91.59318048206937,88.68312757201646,84.21516754850089,89.30041152263375,26.807760141093475,77.83656672545561
91.41681363903587,88.27160493827161,84.21516754850089,89.85890652557319,27.660199882422106,77.77777777777779
89.77072310405644,88.33039388594945,82.9512051734274,89.62375073486186,25.984714873603764,77.86596119929453
91.29923574368019,88.59494415049971,85.92004703115815,89.88830099941211,28.865373309817755,79.1005291005291
91.005291005291,88.53615520282186,84.42092886537331,89.7119341563786,28.21869488536155,77.95414462081128
90.53497942386831,88.4185773074662,85.06760728982951,89.564961787184,25.249853027630802,78.07172251616696
91.91651969429748,88.88888888888889,86.4785420340976,89.74132863021752,25.485008818342152,77.89535567313345
90.1822457378013,88.09523809523809,84.68547912992358,90.47619047619048,25.102880658436217,79.18871252204586
91.29923574368019,88.35978835978835,85.21457965902411,89.2416225749559,27.18988830099941,77.77777777777779
90.41740152851264,88.53615520282186,83.15696649029982,90.1822457378013,27.954144620811288,79.24750146972369
91.06407995296884,88.47736625514403,85.59670781893004,89.53556731334508,28.512639623750736,78.18930041152264
90.85831863609641,88.38918283362727,83.83303938859494,89.77072310405644,28.600823045267486,78.01293356848913
91.03468547912993,88.21281599059377,84.27395649617871,89.68253968253968,27.0135214579659,78.65961199294532
91.38741916519695,88.21281599059377,85.18518518518519,89.7119341563786,26.543209876543212,78.51263962375073
91.3286302175191,88.9182833627278,85.68489124044679,89.74132863021752,24.83833039388595,78.68900646678424
90.88771310993533,87.65432098765432,84.891240446796,88.83009994121105,26.807760141093475,78.33627278071722
90.97589653145208,88.09523809523809,83.65667254556143,90.21164021164022,24.98530276308054,79.5708406819518
91.38741916519695,88.44797178130511,85.09700176366843,90.21164021164022,26.249265138154026,77.89535567313345
91.1522633744856,88.62433862433863,84.36213991769547,89.91769547325103,27.160493827160494,78.74779541446209
91.74015285126397,88.53615520282186,81.42269253380364,89.2416225749559,28.4538506760729,78.68900646678424
90.85831863609641,88.44797178130511,84.65608465608466,89.59435626102292,23.721340388007054,79.15931804820694
89.53556731334508,88.38918283362727,81.48148148148148,90.21164021164022,27.395649617871843,77.01352145796591
90.68195179306291,88.00705467372134,84.50911228689006,89.41798941798942,24.98530276308054,78.68900646678424
90.00587889476779,88.53615520282186,84.27395649617871,90.3292181069959,26.102292768959433,78.39506172839506
90.77013521457967,88.38918283362727,85.59670781893004,89.32980599647267,26.601998824221045,77.45443856554968
91.18165784832452,88.27160493827161,81.5108759553204,89.15343915343915,26.954732510288064,77.07231040564373
91.005291005291,88.7419165196943,84.27395649617871,88.80070546737213,26.337448559670783,77.27807172251616
91.12286890064668,88.09523809523809,79.95296884185773,89.32980599647267,28.600823045267486,78.27748383303938
90.71134626690183,87.91887125220458,86.03762492651381,89.82951205173427,27.307466196355083,78.01293356848913
91.09347442680776,88.59494415049971,85.80246913580247,89.50617283950618,24.573780129335685,78.74779541446209
91.41681363903587,88.59494415049971,77.10170487948265,89.91769547325103,27.71898883009994,79.21810699588477
91.41681363903587,88.24221046443269,77.10170487948265,89.35920047031158,27.660199882422106,78.51263962375073
91.1522633744856,88.53615520282186,82.53968253968253,89.0652557319224,25.16166960611405,79.01234567901234
90.56437389770723,88.94767783656673,84.36213991769547,89.2416225749559,24.514991181657848,78.86537330981776
90.77013521457967,87.71310993533216,83.83303938859494,89.68253968253968,28.424456202233976,78.98295120517342
90.1822457378013,88.00705467372134,84.12698412698413,90.24103468547912,28.365667254556143,78.63021751910641
90.77013521457967,88.33039388594945,85.21457965902411,88.88888888888889,28.74779541446208,78.39506172839506
91.35802469135803,88.12463256907701,85.0382128159906,89.44738389182834,25.69077013521458,78.01293356848913
91.26984126984127,88.53615520282186,81.83421516754849,89.74132863021752,24.897119341563787,78.18930041152264
90.71134626690183,87.9482657260435,84.50911228689006,89.97648442092887,24.16225749559083,78.18930041152264
91.03468547912993,88.33039388594945,80.65843621399176,89.94708994708994,27.336860670194003,77.80717225161669
90.56437389770723,88.15402704291593,84.27395649617871,90.27042915931804,25.631981187536745,79.54144620811287
91.12286890064668,88.71252204585538,86.36096413874192,90.1822457378013,25.36743092298648,78.51263962375073
91.12286890064668,87.91887125220458,82.71604938271605,89.74132863021752,26.66078777189888,77.54262198706643
91.59318048206937,88.85949441504997,86.4785420340976,89.97648442092887,28.835978835978835,78.63021751910641
91.56378600823045,88.53615520282186,85.83186360964139,89.77072310405644,26.74897119341564,77.18988830099941
90.65255731922399,88.24221046443269,83.86243386243386,89.0652557319224,27.77777777777778,78.24808935920046
90.8289241622575,88.44797178130511,84.83245149911816,89.68253968253968,28.92416225749559,78.36566725455614
91.74015285126397,88.50676072898295,85.24397413286302,90.00587889476779,26.601998824221045,78.18930041152264
90.68195179306291,88.71252204585538,83.98001175778954,89.47677836566726,26.190476190476193,77.33686067019401
90.68195179306291,88.18342151675485,85.42034097589654,90.06466784244563,26.102292768959433,77.57201646090535
90.62316284538507,88.62433862433863,84.74426807760142,90.09406231628454,27.160493827160494,78.63021751910641
91.1522633744856,88.44797178130511,83.00999412110524,89.82951205173427,26.83715461493239,77.83656672545561
91.59318048206937,88.88888888888889,85.39094650205762,89.88830099941211,29.159318048206938,79.15931804820694
89.85890652557319,88.09523809523809,86.1552028218695,88.94767783656673,25.925925925925924,78.36566725455614
90.29982363315696,87.8012933568489,85.09700176366843,90.62316284538507,27.07231040564374,77.89535567313345
89.82951205173427,88.24221046443269,81.27572016460906,89.68253968253968,25.95532039976484,78.10111699000588
90.38800705467372,87.77189888301,85.74368018812464,89.15343915343915,25.573192239858905,77.07231040564373
90.24103468547912,88.06584362139918,85.24397413286302,89.27101704879483,25.720164609053498,77.45443856554968
91.1522633744856,88.4185773074662,84.83245149911816,88.9182833627278,26.954732510288064,78.27748383303938
91.38741916519695,87.9482657260435,80.62904174015286,89.53556731334508,26.161081716637273,77.80717225161669
90.53497942386831,88.24221046443269,85.77307466196356,89.32980599647267,25.426219870664312,77.83656672545561
91.38741916519695,87.86008230452676,85.21457965902411,89.30041152263375,25.220458553791886,77.74838330393887
90.56437389770723,88.50676072898295,82.27513227513228,89.59435626102292,26.984126984126984,77.77777777777779
90.8289241622575,88.83009994121105,85.06760728982951,89.77072310405644,26.6901822457378,78.89476778365668
91.1522633744856,88.77131099353322,83.56848912404467,89.15343915343915,24.926513815402704,78.98295120517342
91.3286302175191,88.24221046443269,85.06760728982951,89.21222810111699,28.39506172839506,78.74779541446209
90.12345679012346,88.00705467372134,82.9512051734274,89.82951205173427,26.66078777189888,77.42504409171076
90.09406231628454,87.8012933568489,83.83303938859494,89.41798941798942,26.13168724279835,76.57260435038212
90.53497942386831,88.53615520282186,83.9212228101117,89.65314520870076,27.660199882422106,78.21869488536154
91.82833627278072,87.91887125220458,85.3615520282187,90.27042915931804,27.0135214579659,77.86596119929453
90.71134626690183,88.5655496766608,84.30335097001763,89.74132863021752,28.306878306878307,79.07113462669018
90.47619047619048,88.62433862433863,84.95002939447383,89.82951205173427,26.425631981187536,76.80776014109347
90.91710758377425,88.15402704291593,83.68606701940035,89.27101704879483,25.102880658436217,78.33627278071722
91.3286302175191,88.15402704291593,85.62610229276896,88.9182833627278,25.33803644914756,77.83656672545561
90.62316284538507,88.35978835978835,85.12639623750735,89.12404467960023,24.83833039388595,77.89535567313345
90.24103468547912,88.18342151675485,85.21457965902411,89.7119341563786,24.45620223398001,78.4538506760729
92.38683127572016,88.80070546737213,84.80305702527924,90.27042915931804,24.95590828924162,77.86596119929453
90.71134626690183,87.91887125220458,83.30393885949442,89.53556731334508,28.483245149911816,78.86537330981776
90.71134626690183,87.97766019988242,83.42151675485009,89.2416225749559,24.221046443268666,78.60082304526749
90.29982363315696,88.27160493827161,84.36213991769547,89.564961787184,26.0435038212816,78.27748383303938
91.7989417989418,88.47736625514403,83.65667254556143,89.41798941798942,28.689006466784246,77.3074661963551
90.97589653145208,88.65373309817754,86.44914756025868,89.82951205173427,27.71898883009994,80.21751910640799
90.44679600235156,88.06584362139918,81.86360964138741,89.35920047031158,24.98530276308054,77.89535567313345
90.97589653145208,88.33039388594945,85.27336860670194,89.74132863021752,28.659611992945326,79.12992357436802
91.09347442680776,88.38918283362727,85.5379188712522,89.97648442092887,26.072898295120517,77.3074661963551
90.53497942386831,88.4185773074662,84.06819517930629,90.21164021164022,25.19106407995297,78.33627278071722
90.74074074074075,87.97766019988242,79.12992357436802,88.9182833627278,26.83715461493239,79.86478542034098
90.91710758377425,88.47736625514403,85.44973544973546,89.77072310405644,26.63139329805996,77.07231040564373
91.1522633744856,88.50676072898295,85.33215755437978,90.1822457378013,27.101704879482657,77.33686067019401
91.1522633744856,88.80070546737213,85.24397413286302,90.74074074074075,26.83715461493239,79.04174015285126
90.62316284538507,88.03644914756026,82.9512051734274,89.80011757789535,25.573192239858905,78.27748383303938
90.65255731922399,88.21281599059377,85.42034097589654,89.30041152263375,25.16166960611405,78.18930041152264
89.74132863021752,88.21281599059377,85.39094650205762,89.47677836566726,28.10111699000588,78.04232804232805
91.12286890064668,88.09523809523809,83.77425044091711,89.74132863021752,25.749559082892414,77.36625514403292
90.77013521457967,88.27160493827161,84.77366255144034,89.53556731334508,28.835978835978835,77.27807172251616
90.77013521457967,88.09523809523809,85.27336860670194,89.21222810111699,24.897119341563787,78.54203409758965
91.005291005291,88.27160493827161,86.331569664903,90.00587889476779,25.485008818342152,77.74838330393887
90.88771310993533,88.00705467372134,85.30276308054086,89.74132863021752,29.394473838918284,78.39506172839506
90.71134626690183,88.06584362139918,83.89182833627278,89.59435626102292,26.249265138154026,77.42504409171076
91.03468547912993,87.83068783068782,85.12639623750735,89.7119341563786,25.66137566137566,78.04232804232805
90.29982363315696,88.21281599059377,85.12639623750735,90.27042915931804,27.807172251616695,78.60082304526749
91.21105232216344,88.24221046443269,81.39329805996472,89.47677836566726,23.985890652557316,78.10111699000588
91.24044679600235,89.15343915343915,83.45091122868901,89.94708994708994,26.6901822457378,79.15931804820694
90.68195179306291,88.35978835978835,82.36331569664902,89.94708994708994,29.01234567901235,78.57142857142857
91.26984126984127,88.5655496766608,86.1552028218695,90.00587889476779,27.983539094650205,79.21810699588477
90.77013521457967,88.21281599059377,86.41975308641975,89.21222810111699,24.691358024691358,78.4538506760729
90.88771310993533,88.44797178130511,85.62610229276896,89.88830099941211,27.92475014697237,78.3068783068783
90.94650205761316,88.00705467372134,84.92063492063492,89.12404467960023,28.365667254556143,78.15990593768372
90.50558495002939,88.03644914756026,84.86184597295708,89.88830099941211,24.83833039388595,78.3068783068783
91.005291005291,88.71252204585538,84.74426807760142,90.24103468547912,27.42504409171076,79.21810699588477
90.97589653145208,88.33039388594945,85.59670781893004,89.85890652557319,24.66196355085244,78.07172251616696
91.18165784832452,88.71252204585538,85.27336860670194,88.94767783656673,29.306290417401527,77.33686067019401
92.15167548500882,88.44797178130511,85.89065255731923,89.50617283950618,24.485596707818928,79.27689594356261
90.88771310993533,87.9482657260435,86.5079365079365,89.88830099941211,28.659611992945326,77.9835390946502
91.12286890064668,88.03644914756026,84.39153439153439,89.62375073486186,28.21869488536155,79.68841857730746
91.09347442680776,88.00705467372134,83.48030570252793,89.30041152263375,25.77895355673133,77.89535567313345
90.68195179306291,89.00646678424457,85.33215755437978,90.09406231628454,27.101704879482657,77.95414462081128
91.3286302175191,88.30099941211053,84.50911228689006,89.47677836566726,29.100529100529098,77.83656672545561
89.62375073486186,88.4185773074662,70.92886537330982,89.7119341563786,25.514403292181072,76.19047619047619
91.12286890064668,87.86008230452676,83.71546149323927,88.94767783656673,25.044091710758376,78.60082304526749
91.24044679600235,88.27160493827161,85.89065255731923,89.41798941798942,23.985890652557316,77.95414462081128
91.21105232216344,88.65373309817754,82.65726043503821,89.7119341563786,27.954144620811288,78.21869488536154
90.77013521457967,87.68371546149324,83.00999412110524,89.35920047031158,26.83715461493239,78.39506172839506
89.91769547325103,88.09523809523809,84.21516754850089,88.88888888888889,25.54379776601999,77.3074661963551
90.71134626690183,87.74250440917108,82.9512051734274,89.80011757789535,27.160493827160494,78.57142857142857
90.3586125808348,88.18342151675485,85.09700176366843,90.00587889476779,27.307466196355083,77.5132275132275
90.91710758377425,88.33039388594945,84.80305702527924,89.74132863021752,27.983539094650205,77.77777777777779
91.29923574368019,88.47736625514403,84.80305702527924,88.9182833627278,26.83715461493239,78.89476778365668
89.97648442092887,88.77131099353322,83.09817754262198,90.24103468547912,25.808348030570254,78.65961199294532
90.91710758377425,88.24221046443269,85.18518518518519,89.85890652557319,25.33803644914756,78.07172251616696
91.59318048206937,88.03644914756026,74.98530276308054,89.50617283950618,26.102292768959433,78.65961199294532
91.4756025867137,88.15402704291593,85.56731334509112,89.88830099941211,24.691358024691358,78.1305114638448
91.68136390358612,88.35978835978835,73.86831275720165,89.77072310405644,28.98295120517343,78.71840094062317
90.97589653145208,88.4185773074662,85.24397413286302,89.62375073486186,27.60141093474427,79.21810699588477
91.1522633744856,88.65373309817754,85.71428571428571,89.68253968253968,26.601998824221045,78.01293356848913
91.35802469135803,88.85949441504997,84.21516754850089,90.53497942386831,27.748383303938862,78.07172251616696
91.3286302175191,88.7419165196943,86.68430335097001,89.30041152263375,27.689594356261022,78.15990593768372
91.24044679600235,88.06584362139918,85.30276308054086,89.53556731334508,25.279247501469726,77.6601998824221
90.91710758377425,88.53615520282186,83.9506172839506,89.77072310405644,26.925338036449148,78.54203409758965
91.005291005291,88.80070546737213,85.24397413286302,90.03527336860671,28.365667254556143,78.83597883597884
90.91710758377425,88.21281599059377,85.0382128159906,89.68253968253968,26.337448559670783,77.21928277483833
92.09288653733098,88.30099941211053,85.89065255731923,89.80011757789535,28.512639623750736,79.24750146972369
90.53497942386831,88.4185773074662,85.71428571428571,89.03586125808349,26.014109347442684,79.15931804820694
91.21105232216344,87.83068783068782,85.44973544973546,89.68253968253968,25.86713697824809,78.42445620223398
90.85831863609641,88.7419165196943,84.7148736037625,89.12404467960023,28.92416225749559,78.24808935920046
90.24103468547912,87.59553203997649,84.80305702527924,88.9182833627278,26.337448559670783,77.80717225161669
91.44620811287479,88.35978835978835,85.77307466196356,90.06466784244563,26.13168724279835,79.36507936507937
91.74015285126397,88.83009994121105,82.9512051734274,89.97648442092887,26.954732510288064,79.39447383891827
90.41740152851264,87.88947677836568,82.89241622574956,89.53556731334508,24.397413286302175,78.9535567313345
90.97589653145208,87.38977072310405,84.83245149911816,88.80070546737213,23.927101704879483,78.68900646678424
90.24103468547912,88.24221046443269,84.30335097001763,88.47736625514403,28.57142857142857,77.4838330393886
90.88771310993533,88.7419165196943,84.5679012345679,90.21164021164022,26.308054085831863,78.60082304526749
90.8289241622575,88.12463256907701,85.94944150499705,89.85890652557319,26.366843033509703,78.24808935920046
91.35802469135803,88.12463256907701,84.59729570840682,89.7119341563786,24.30922986478542,78.65961199294532
90.68195179306291,88.18342151675485,83.56848912404467,89.53556731334508,25.573192239858905,78.10111699000588
89.82951205173427,88.12463256907701,83.56848912404467,88.85949441504997,27.278071722516167,77.9835390946502
91.35802469135803,88.53615520282186,84.59729570840682,90.27042915931804,27.572016460905353,78.54203409758965
90.47619047619048,89.09465020576131,82.01058201058201,89.85890652557319,26.954732510288064,78.07172251616696
90.91710758377425,88.71252204585538,81.18753674309231,89.82951205173427,26.66078777189888,78.9241622574956
90.91710758377425,88.38918283362727,85.92004703115815,89.32980599647267,28.659611992945326,78.27748383303938
90.94650205761316,88.35978835978835,84.33274544385657,88.80070546737213,27.92475014697237,78.07172251616696
90.38800705467372,88.24221046443269,85.97883597883597,90.27042915931804,25.95532039976484,77.6601998824221
91.21105232216344,88.03644914756026,83.86243386243386,89.32980599647267,28.865373309817755,77.60141093474427
91.3286302175191,88.44797178130511,83.36272780717225,89.41798941798942,26.83715461493239,77.9835390946502
90.8289241622575,88.12463256907701,85.68489124044679,89.44738389182834,25.896531452087007,78.36566725455614
90.77013521457967,88.85949441504997,85.83186360964139,90.06466784244563,27.483833039388593,78.01293356848913
91.7989417989418,88.9182833627278,83.56848912404467,89.35920047031158,28.10111699000588,78.9241622574956
91.1522633744856,88.62433862433863,77.74838330393887,90.29982363315696,27.24867724867725,76.98412698412699
91.09347442680776,88.30099941211053,85.06760728982951,89.74132863021752,24.867724867724867,78.65961199294532
90.56437389770723,88.15402704291593,84.80305702527924,89.0652557319224,26.71957671957672,79.15931804820694
90.68195179306291,87.47795414462081,83.5978835978836,89.21222810111699,27.86596119929453,77.45443856554968
91.09347442680776,88.27160493827161,85.71428571428571,88.38918283362727,27.160493827160494,78.4538506760729
90.53497942386831,88.71252204585538,86.4785420340976,90.56437389770723,25.69077013521458,77.95414462081128
91.7989417989418,88.18342151675485,82.86302175191064,90.1822457378013,25.396825396825395,77.54262198706643
90.29982363315696,88.65373309817754,84.00940623162846,89.2416225749559,24.6031746031746,77.36625514403292
92.03409758965314,88.47736625514403,82.45149911816578,90.15285126396238,27.660199882422106,79.51205173427395
91.09347442680776,88.47736625514403,86.331569664903,89.7119341563786,23.985890652557316,78.27748383303938
90.3292181069959,88.27160493827161,83.62727807172251,89.44738389182834,28.4538506760729,77.86596119929453
91.59318048206937,88.38918283362727,75.51440329218107,89.88830099941211,29.041740152851265,78.48324514991182
91.06407995296884,88.12463256907701,85.3615520282187,89.09465020576131,25.455614344503235,78.18930041152264
90.85831863609641,88.80070546737213,84.24456202233979,89.50617283950618,26.6901822457378,78.4538506760729
90.97589653145208,88.65373309817754,84.5679012345679,89.27101704879483,26.866549088771315,79.18871252204586
90.41740152851264,88.09523809523809,83.15696649029982,89.68253968253968,25.808348030570254,77.71898883009995
90.91710758377425,88.59494415049971,85.39094650205762,90.1822457378013,27.101704879482657,78.04232804232805
91.53439153439153,88.59494415049971,84.27395649617871,90.27042915931804,27.07231040564374,76.92533803644915
91.005291005291,88.18342151675485,84.36213991769547,89.7119341563786,26.366843033509703,78.9241622574956
91.29923574368019,88.88888888888889,85.74368018812464,89.65314520870076,23.897707231040563,77.86596119929453
91.24044679600235,87.8012933568489,84.27395649617871,89.32980599647267,22.545561434450324,77.9835390946502
90.29982363315696,87.86008230452676,83.00999412110524,89.74132863021752,23.192239858906525,78.42445620223398
91.82833627278072,88.00705467372134,84.03880070546738,89.32980599647267,27.307466196355083,78.01293356848913
91.1522633744856,87.86008230452676,85.68489124044679,89.62375073486186,27.630805408583186,78.21869488536154
90.77013521457967,87.97766019988242,84.891240446796,89.82951205173427,25.631981187536745,77.83656672545561
91.94591416813638,88.68312757201646,83.68606701940035,89.85890652557319,24.250440917107582,78.74779541446209
90.91710758377425,88.03644914756026,85.39094650205762,89.80011757789535,29.453262786596117,77.89535567313345
90.62316284538507,88.15402704291593,83.86243386243386,89.97648442092887,27.748383303938862,78.4538506760729
91.35802469135803,88.71252204585538,84.27395649617871,89.59435626102292,27.895355673133448,78.63021751910641
91.21105232216344,88.21281599059377,84.50911228689006,89.47677836566726,29.747207524985303,78.777189888301
90.74074074074075,88.06584362139918,86.24338624338624,89.35920047031158,26.778365667254555,78.42445620223398
90.27042915931804,88.09523809523809,80.68783068783068,89.80011757789535,26.21987066431511,78.86537330981776
90.65255731922399,88.4185773074662,84.95002939447383,90.06466784244563,26.778365667254555,78.10111699000588
91.29923574368019,88.7419165196943,85.65549676660787,89.32980599647267,26.102292768959433,77.04291593180483
90.38800705467372,88.15402704291593,86.1552028218695,90.09406231628454,25.485008818342152,77.92475014697237
90.79952968841857,88.06584362139918,79.8941798941799,89.85890652557319,25.573192239858905,79.07113462669018
90.56437389770723,87.71310993533216,85.24397413286302,89.35920047031158,27.18988830099941,79.36507936507937
91.12286890064668,88.27160493827161,83.53909465020575,88.9182833627278,27.42504409171076,77.42504409171076
90.91710758377425,88.5655496766608,82.09876543209876,89.32980599647267,28.365667254556143,78.27748383303938
92.1222810111699,88.77131099353322,85.68489124044679,90.27042915931804,26.161081716637273,78.01293356848913
91.38741916519695,88.18342151675485,85.42034097589654,89.3885949441505,28.10111699000588,78.71840094062317
91.26984126984127,88.65373309817754,85.24397413286302,88.9182833627278,26.366843033509703,77.68959435626103
91.09347442680776,87.83068783068782,85.06760728982951,89.85890652557319,25.279247501469726,77.74838330393887
90.21164021164022,88.35978835978835,84.30335097001763,89.50617283950618,28.189300411522634,78.39506172839506
91.44620811287479,88.53615520282186,85.68489124044679,88.7419165196943,26.337448559670783,77.77777777777779
91.12286890064668,88.53615520282186,78.68900646678424,89.0652557319224,28.74779541446208,78.71840094062317
90.62316284538507,88.59494415049971,85.30276308054086,89.21222810111699,26.601998824221045,78.10111699000588
92.00470311581422,88.33039388594945,85.74368018812464,89.62375073486186,24.250440917107582,77.6601998824221
91.03468547912993,88.50676072898295,84.12698412698413,89.94708994708994,24.867724867724867,78.04232804232805
91.18165784832452,87.83068783068782,85.15579071134627,89.7119341563786,25.426219870664312,78.1305114638448
90.97589653145208,88.15402704291593,81.3345091122869,89.21222810111699,25.573192239858905,78.54203409758965
90.91710758377425,88.12463256907701,82.86302175191064,89.68253968253968,26.984126984126984,79.18871252204586
91.44620811287479,88.59494415049971,85.09700176366843,90.12345679012346,25.485008818342152,78.80658436213992
91.005291005291,88.18342151675485,85.09700176366843,89.62375073486186,26.543209876543212,78.27748383303938
91.7989417989418,88.12463256907701,69.01822457378013,89.41798941798942,24.95590828924162,78.33627278071722
90.56437389770723,88.15402704291593,85.33215755437978,89.68253968253968,27.660199882422106,78.10111699000588
90.21164021164022,87.9482657260435,84.36213991769547,88.97707231040565,27.101704879482657,78.63021751910641
91.26984126984127,87.74250440917108,85.33215755437978,89.41798941798942,24.45620223398001,77.9835390946502
91.41681363903587,88.65373309817754,85.56731334509112,89.85890652557319,26.190476190476193,79.68841857730746
91.21105232216344,88.21281599059377,77.3074661963551,89.91769547325103,25.514403292181072,77.9835390946502
90.41740152851264,88.24221046443269,86.5079365079365,90.12345679012346,25.95532039976484,79.24750146972369
