AB,AFIB,AFL,B,IVR,N,NOD,P,PREX,SBR,SVTA,T,VFL,VT
100.0,21.49532710280374,3.4482758620689653,53.608247422680414,80.0,21.24950258654994,12.5,49.81132075471698,80.76923076923077,91.66666666666666,42.857142857142854,26.08695652173913,66.66666666666666,50.0
66.66666666666666,18.06853582554517,3.4482758620689653,56.70103092783505,60.0,23.358535614803024,37.5,44.528301886792455,61.53846153846154,95.83333333333334,71.42857142857143,15.217391304347828,33.33333333333333,50.0
66.66666666666666,17.75700934579439,0.0,53.608247422680414,80.0,21.806605650616792,12.5,47.924528301886795,73.07692307692307,88.88888888888889,42.857142857142854,36.95652173913043,83.33333333333334,75.0
100.0,20.24922118380062,0.0,49.48453608247423,60.0,26.382809391165935,25.0,50.18867924528302,50.0,97.22222222222221,14.285714285714285,17.391304347826086,50.0,75.0
66.66666666666666,22.118380062305295,6.896551724137931,53.608247422680414,60.0,22.761639474731396,37.5,45.660377358490564,53.84615384615385,95.83333333333334,57.14285714285714,32.608695652173914,33.33333333333333,50.0
66.66666666666666,20.5607476635514,6.896551724137931,51.546391752577314,80.0,21.886191802626342,12.5,49.43396226415094,57.692307692307686,91.66666666666666,42.857142857142854,28.26086956521739,50.0,75.0
100.0,18.69158878504673,10.344827586206897,50.51546391752577,60.0,23.0799840827696,12.5,43.77358490566038,46.15384615384615,93.05555555555556,42.857142857142854,32.608695652173914,66.66666666666666,75.0
100.0,19.626168224299064,3.4482758620689653,53.608247422680414,40.0,22.32391563867887,0.0,43.0188679245283,50.0,91.66666666666666,14.285714285714285,23.91304347826087,16.666666666666664,75.0
100.0,21.806853582554517,3.4482758620689653,49.48453608247423,60.0,22.284122562674096,25.0,41.88679245283019,46.15384615384615,93.05555555555556,57.14285714285714,30.434782608695656,83.33333333333334,75.0
66.66666666666666,19.626168224299064,6.896551724137931,51.546391752577314,80.0,25.387982491046557,25.0,45.660377358490564,42.30769230769231,91.66666666666666,57.14285714285714,23.91304347826087,33.33333333333333,75.0
100.0,23.67601246105919,3.4482758620689653,55.670103092783506,60.0,21.448467966573816,0.0,47.16981132075472,65.38461538461539,93.05555555555556,14.285714285714285,28.26086956521739,16.666666666666664,75.0
66.66666666666666,21.806853582554517,3.4482758620689653,46.391752577319586,40.0,21.92598487863112,0.0,46.41509433962264,69.23076923076923,94.44444444444444,57.14285714285714,30.434782608695656,16.666666666666664,75.0
0.0,21.49532710280374,3.4482758620689653,46.391752577319586,60.0,20.771985674492637,37.5,40.37735849056604,46.15384615384615,93.05555555555556,14.285714285714285,23.91304347826087,66.66666666666666,100.0
100.0,22.429906542056074,0.0,55.670103092783506,80.0,22.920811778750497,37.5,47.16981132075472,53.84615384615385,87.5,42.857142857142854,23.91304347826087,66.66666666666666,50.0
100.0,22.118380062305295,0.0,59.79381443298969,80.0,19.25984878631118,12.5,48.679245283018865,46.15384615384615,94.44444444444444,28.57142857142857,23.91304347826087,50.0,75.0
66.66666666666666,22.118380062305295,6.896551724137931,54.63917525773196,80.0,19.77715877437326,37.5,45.28301886792453,65.38461538461539,95.83333333333334,14.285714285714285,28.26086956521739,16.666666666666664,75.0
66.66666666666666,23.364485981308412,3.4482758620689653,50.51546391752577,80.0,20.055710306406684,12.5,43.77358490566038,50.0,97.22222222222221,71.42857142857143,17.391304347826086,33.33333333333333,100.0
100.0,20.5607476635514,3.4482758620689653,50.51546391752577,100.0,20.214882610425786,25.0,44.528301886792455,65.38461538461539,100.0,28.57142857142857,23.91304347826087,33.33333333333333,50.0
100.0,21.18380062305296,10.344827586206897,45.36082474226804,80.0,21.687226422602468,50.0,46.79245283018868,69.23076923076923,97.22222222222221,28.57142857142857,21.73913043478261,50.0,75.0
100.0,22.429906542056074,0.0,49.48453608247423,40.0,21.687226422602468,25.0,46.79245283018868,38.46153846153847,88.88888888888889,28.57142857142857,30.434782608695656,50.0,50.0
100.0,19.314641744548286,6.896551724137931,52.57731958762887,40.0,22.045364106645444,25.0,49.056603773584904,46.15384615384615,94.44444444444444,85.71428571428571,26.08695652173913,50.0,50.0
33.33333333333333,22.429906542056074,10.344827586206897,55.670103092783506,40.0,22.721846398726623,37.5,51.320754716981135,38.46153846153847,94.44444444444444,85.71428571428571,21.73913043478261,50.0,50.0
66.66666666666666,14.953271028037381,10.344827586206897,55.670103092783506,60.0,20.771985674492637,0.0,48.301886792452834,69.23076923076923,91.66666666666666,28.57142857142857,17.391304347826086,50.0,100.0
66.66666666666666,21.49532710280374,3.4482758620689653,52.57731958762887,80.0,22.721846398726623,25.0,49.056603773584904,42.30769230769231,94.44444444444444,42.857142857142854,30.434782608695656,66.66666666666666,75.0
66.66666666666666,18.06853582554517,6.896551724137931,46.391752577319586,100.0,19.93633107839236,25.0,51.698113207547166,53.84615384615385,90.27777777777779,28.57142857142857,30.434782608695656,33.33333333333333,25.0
100.0,26.791277258566975,0.0,62.88659793814433,60.0,18.822124950258655,0.0,43.39622641509434,38.46153846153847,98.61111111111111,28.57142857142857,21.73913043478261,50.0,25.0
66.66666666666666,20.24922118380062,10.344827586206897,52.57731958762887,60.0,21.72701949860724,12.5,47.924528301886795,57.692307692307686,93.05555555555556,57.14285714285714,32.608695652173914,33.33333333333333,75.0
100.0,21.806853582554517,0.0,49.48453608247423,80.0,18.265021886191803,0.0,38.86792452830189,57.692307692307686,95.83333333333334,42.857142857142854,23.91304347826087,50.0,50.0
100.0,18.38006230529595,3.4482758620689653,53.608247422680414,80.0,25.825706327099084,12.5,47.924528301886795,53.84615384615385,94.44444444444444,57.14285714285714,19.565217391304348,50.0,75.0
66.66666666666666,22.118380062305295,0.0,42.2680412371134,100.0,22.48308794269797,0.0,44.528301886792455,61.53846153846154,98.61111111111111,71.42857142857143,32.608695652173914,33.33333333333333,75.0
66.66666666666666,25.85669781931464,3.4482758620689653,46.391752577319586,100.0,19.737365698368485,25.0,40.75471698113208,65.38461538461539,93.05555555555556,28.57142857142857,23.91304347826087,66.66666666666666,25.0
66.66666666666666,19.003115264797508,3.4482758620689653,53.608247422680414,80.0,24.55232789494628,0.0,45.28301886792453,38.46153846153847,90.27777777777779,57.14285714285714,23.91304347826087,66.66666666666666,75.0
100.0,18.38006230529595,13.793103448275861,54.63917525773196,60.0,22.761639474731396,0.0,46.79245283018868,46.15384615384615,88.88888888888889,28.57142857142857,36.95652173913043,50.0,75.0
66.66666666666666,20.24922118380062,6.896551724137931,45.36082474226804,60.0,20.135296458416235,12.5,47.16981132075472,46.15384615384615,87.5,42.857142857142854,32.608695652173914,66.66666666666666,75.0
100.0,21.18380062305296,0.0,56.70103092783505,100.0,25.02984480700358,12.5,45.28301886792453,42.30769230769231,98.61111111111111,14.285714285714285,21.73913043478261,50.0,75.0
66.66666666666666,18.69158878504673,10.344827586206897,52.57731958762887,60.0,23.517707918822126,12.5,47.54716981132076,30.76923076923077,93.05555555555556,14.285714285714285,13.043478260869565,83.33333333333334,50.0
100.0,20.5607476635514,6.896551724137931,52.57731958762887,80.0,19.697572622363708,50.0,48.679245283018865,57.692307692307686,95.83333333333334,57.14285714285714,23.91304347826087,50.0,75.0
100.0,21.806853582554517,6.896551724137931,43.29896907216495,100.0,20.493434142459215,50.0,50.943396226415096,46.15384615384615,91.66666666666666,42.857142857142854,32.608695652173914,50.0,75.0
33.33333333333333,20.5607476635514,3.4482758620689653,54.63917525773196,80.0,23.995224830879426,12.5,49.81132075471698,38.46153846153847,97.22222222222221,71.42857142857143,30.434782608695656,50.0,25.0
100.0,23.364485981308412,6.896551724137931,51.546391752577314,80.0,21.448467966573816,12.5,40.75471698113208,50.0,87.5,28.57142857142857,23.91304347826087,50.0,25.0
66.66666666666666,18.06853582554517,6.896551724137931,49.48453608247423,80.0,25.02984480700358,12.5,49.81132075471698,46.15384615384615,91.66666666666666,28.57142857142857,23.91304347826087,66.66666666666666,0.0
100.0,19.937694704049843,0.0,58.76288659793815,60.0,23.040191006764825,0.0,45.28301886792453,46.15384615384615,93.05555555555556,42.857142857142854,19.565217391304348,66.66666666666666,50.0
100.0,17.445482866043612,3.4482758620689653,56.70103092783505,40.0,17.588539594110625,0.0,47.16981132075472,42.30769230769231,94.44444444444444,14.285714285714285,21.73913043478261,50.0,100.0
100.0,21.49532710280374,0.0,49.48453608247423,80.0,21.01074413052129,25.0,47.924528301886795,46.15384615384615,95.83333333333334,57.14285714285714,21.73913043478261,33.33333333333333,100.0
100.0,19.937694704049843,3.4482758620689653,49.48453608247423,40.0,21.687226422602468,25.0,42.26415094339623,50.0,86.11111111111111,14.285714285714285,28.26086956521739,66.66666666666666,75.0
100.0,18.69158878504673,10.344827586206897,57.73195876288659,80.0,19.85674492638281,0.0,43.39622641509434,50.0,95.83333333333334,14.285714285714285,26.08695652173913,66.66666666666666,50.0
100.0,16.822429906542055,6.896551724137931,51.546391752577314,40.0,21.448467966573816,12.5,44.15094339622642,50.0,87.5,28.57142857142857,21.73913043478261,83.33333333333334,50.0
100.0,23.05295950155763,10.344827586206897,55.670103092783506,80.0,19.77715877437326,25.0,42.64150943396226,65.38461538461539,95.83333333333334,42.857142857142854,21.73913043478261,50.0,100.0
66.66666666666666,21.806853582554517,6.896551724137931,45.36082474226804,80.0,23.278949462793474,12.5,40.0,50.0,86.11111111111111,85.71428571428571,26.08695652173913,66.66666666666666,75.0
66.66666666666666,16.822429906542055,6.896551724137931,56.70103092783505,80.0,18.265021886191803,37.5,42.64150943396226,69.23076923076923,93.05555555555556,57.14285714285714,26.08695652173913,50.0,75.0
100.0,23.67601246105919,6.896551724137931,47.42268041237113,80.0,22.00557103064067,0.0,47.16981132075472,34.61538461538461,94.44444444444444,42.857142857142854,23.91304347826087,66.66666666666666,50.0
100.0,24.299065420560748,6.896551724137931,53.608247422680414,60.0,23.716673298846,37.5,44.905660377358494,61.53846153846154,95.83333333333334,42.857142857142854,28.26086956521739,0.0,100.0
100.0,22.118380062305295,13.793103448275861,51.546391752577314,20.0,22.204536410664545,25.0,44.528301886792455,73.07692307692307,94.44444444444444,28.57142857142857,30.434782608695656,83.33333333333334,75.0
100.0,20.5607476635514,0.0,50.51546391752577,60.0,22.363708714683643,25.0,48.301886792452834,42.30769230769231,97.22222222222221,14.285714285714285,21.73913043478261,66.66666666666666,100.0
100.0,22.118380062305295,3.4482758620689653,51.546391752577314,100.0,20.01591723040191,12.5,41.509433962264154,42.30769230769231,93.05555555555556,14.285714285714285,30.434782608695656,83.33333333333334,75.0
100.0,18.69158878504673,6.896551724137931,48.45360824742268,100.0,24.1941902109033,37.5,46.41509433962264,50.0,90.27777777777779,42.857142857142854,30.434782608695656,83.33333333333334,75.0
100.0,20.24922118380062,0.0,53.608247422680414,60.0,24.0350179068842,25.0,41.132075471698116,46.15384615384615,93.05555555555556,71.42857142857143,19.565217391304348,50.0,75.0
66.66666666666666,16.822429906542055,0.0,50.51546391752577,80.0,23.995224830879426,25.0,48.301886792452834,38.46153846153847,97.22222222222221,57.14285714285714,30.434782608695656,66.66666666666666,100.0
66.66666666666666,17.75700934579439,10.344827586206897,47.42268041237113,80.0,22.045364106645444,12.5,44.905660377358494,42.30769230769231,93.05555555555556,42.857142857142854,39.130434782608695,33.33333333333333,75.0
66.66666666666666,23.05295950155763,3.4482758620689653,50.51546391752577,60.0,22.761639474731396,12.5,43.39622641509434,46.15384615384615,100.0,57.14285714285714,21.73913043478261,66.66666666666666,100.0
66.66666666666666,23.98753894080997,3.4482758620689653,39.175257731958766,80.0,21.886191802626342,0.0,43.77358490566038,42.30769230769231,93.05555555555556,57.14285714285714,26.08695652173913,66.66666666666666,25.0
66.66666666666666,21.806853582554517,0.0,50.51546391752577,100.0,17.270194986072422,25.0,44.905660377358494,69.23076923076923,91.66666666666666,28.57142857142857,26.08695652173913,33.33333333333333,50.0
100.0,18.38006230529595,0.0,52.57731958762887,60.0,18.901711102268205,37.5,46.79245283018868,53.84615384615385,100.0,42.857142857142854,28.26086956521739,50.0,50.0
66.66666666666666,21.18380062305296,3.4482758620689653,49.48453608247423,40.0,24.074810982888977,25.0,48.301886792452834,30.76923076923077,86.11111111111111,42.857142857142854,17.391304347826086,50.0,75.0
66.66666666666666,17.445482866043612,13.793103448275861,41.23711340206185,60.0,22.881018702745724,12.5,42.64150943396226,38.46153846153847,84.72222222222221,42.857142857142854,23.91304347826087,83.33333333333334,75.0
33.33333333333333,19.314641744548286,10.344827586206897,54.63917525773196,60.0,22.24432948666932,0.0,44.528301886792455,57.692307692307686,91.66666666666666,42.857142857142854,28.26086956521739,33.33333333333333,75.0
100.0,19.003115264797508,17.24137931034483,45.36082474226804,80.0,19.10067648229208,37.5,49.056603773584904,42.30769230769231,91.66666666666666,28.57142857142857,36.95652173913043,50.0,75.0
33.33333333333333,22.429906542056074,10.344827586206897,58.76288659793815,60.0,23.040191006764825,25.0,44.905660377358494,34.61538461538461,91.66666666666666,42.857142857142854,17.391304347826086,50.0,25.0
100.0,21.806853582554517,3.4482758620689653,42.2680412371134,40.0,23.398328690807798,0.0,40.0,42.30769230769231,88.88888888888889,57.14285714285714,26.08695652173913,66.66666666666666,100.0
66.66666666666666,19.314641744548286,6.896551724137931,54.63917525773196,80.0,19.976124154397134,25.0,48.301886792452834,65.38461538461539,97.22222222222221,14.285714285714285,21.73913043478261,16.666666666666664,75.0
66.66666666666666,16.1993769470405,17.24137931034483,54.63917525773196,80.0,21.84639872662157,25.0,44.528301886792455,42.30769230769231,95.83333333333334,42.857142857142854,26.08695652173913,50.0,75.0
100.0,20.5607476635514,3.4482758620689653,55.670103092783506,100.0,22.602467170712295,12.5,47.16981132075472,53.84615384615385,94.44444444444444,71.42857142857143,23.91304347826087,50.0,100.0
100.0,21.49532710280374,6.896551724137931,54.63917525773196,60.0,24.074810982888977,50.0,46.41509433962264,57.692307692307686,91.66666666666666,28.57142857142857,32.608695652173914,50.0,50.0
66.66666666666666,22.429906542056074,13.793103448275861,54.63917525773196,80.0,24.1941902109033,50.0,44.528301886792455,38.46153846153847,90.27777777777779,57.14285714285714,30.434782608695656,50.0,75.0
100.0,18.69158878504673,6.896551724137931,58.76288659793815,60.0,22.881018702745724,25.0,43.39622641509434,53.84615384615385,95.83333333333334,28.57142857142857,23.91304347826087,33.33333333333333,100.0
66.66666666666666,19.626168224299064,10.344827586206897,52.57731958762887,20.0,22.721846398726623,0.0,44.15094339622642,57.692307692307686,95.83333333333334,28.57142857142857,23.91304347826087,66.66666666666666,75.0
66.66666666666666,19.314641744548286,6.896551724137931,54.63917525773196,60.0,21.84639872662157,0.0,47.924528301886795,53.84615384615385,88.88888888888889,57.14285714285714,32.608695652173914,50.0,50.0
100.0,18.38006230529595,6.896551724137931,54.63917525773196,80.0,20.931157978511738,37.5,44.905660377358494,46.15384615384615,91.66666666666666,42.857142857142854,26.08695652173913,33.33333333333333,100.0
100.0,20.87227414330218,10.344827586206897,43.29896907216495,40.0,20.970951054516515,25.0,39.24528301886793,61.53846153846154,90.27777777777779,57.14285714285714,23.91304347826087,33.33333333333333,75.0
100.0,22.741433021806852,0.0,51.546391752577314,60.0,20.294468762435336,0.0,43.0188679245283,34.61538461538461,94.44444444444444,42.857142857142854,15.217391304347828,66.66666666666666,75.0
100.0,21.806853582554517,13.793103448275861,57.73195876288659,100.0,23.040191006764825,25.0,46.41509433962264,57.692307692307686,91.66666666666666,14.285714285714285,23.91304347826087,83.33333333333334,25.0
100.0,21.806853582554517,0.0,52.57731958762887,80.0,20.453641066454438,12.5,40.0,57.692307692307686,94.44444444444444,42.857142857142854,26.08695652173913,66.66666666666666,50.0
66.66666666666666,19.626168224299064,0.0,55.670103092783506,80.0,21.16991643454039,12.5,41.88679245283019,65.38461538461539,90.27777777777779,71.42857142857143,32.608695652173914,83.33333333333334,50.0
66.66666666666666,19.626168224299064,6.896551724137931,53.608247422680414,60.0,22.16474333465977,37.5,45.28301886792453,42.30769230769231,94.44444444444444,42.857142857142854,23.91304347826087,66.66666666666666,0.0
66.66666666666666,22.429906542056074,3.4482758620689653,48.45360824742268,60.0,24.11460405889375,0.0,43.0188679245283,57.692307692307686,88.88888888888889,42.857142857142854,28.26086956521739,50.0,75.0
66.66666666666666,18.69158878504673,0.0,57.73195876288659,80.0,21.050537206526066,12.5,43.77358490566038,46.15384615384615,93.05555555555556,57.14285714285714,32.608695652173914,66.66666666666666,50.0
100.0,19.937694704049843,13.793103448275861,57.73195876288659,60.0,22.363708714683643,37.5,44.905660377358494,57.692307692307686,93.05555555555556,14.285714285714285,28.26086956521739,66.66666666666666,50.0
100.0,21.49532710280374,3.4482758620689653,54.63917525773196,100.0,23.000397930760048,37.5,46.0377358490566,38.46153846153847,91.66666666666666,28.57142857142857,21.73913043478261,50.0,25.0
100.0,23.364485981308412,17.24137931034483,50.51546391752577,60.0,19.18026263430163,25.0,39.62264150943396,53.84615384615385,93.05555555555556,42.857142857142854,23.91304347826087,33.33333333333333,25.0
100.0,19.003115264797508,17.24137931034483,46.391752577319586,40.0,24.47274174293673,12.5,47.16981132075472,53.84615384615385,94.44444444444444,42.857142857142854,32.608695652173914,16.666666666666664,50.0
66.66666666666666,20.5607476635514,6.896551724137931,51.546391752577314,60.0,20.652606446478313,25.0,47.924528301886795,46.15384615384615,90.27777777777779,71.42857142857143,21.73913043478261,66.66666666666666,75.0
66.66666666666666,19.626168224299064,6.896551724137931,59.79381443298969,100.0,24.11460405889375,25.0,44.905660377358494,26.923076923076923,93.05555555555556,42.857142857142854,26.08695652173913,50.0,50.0
66.66666666666666,22.118380062305295,3.4482758620689653,50.51546391752577,80.0,25.02984480700358,12.5,50.56603773584906,38.46153846153847,97.22222222222221,28.57142857142857,23.91304347826087,100.0,75.0
66.66666666666666,19.937694704049843,3.4482758620689653,48.45360824742268,60.0,19.61798647035416,37.5,46.79245283018868,50.0,94.44444444444444,14.285714285714285,17.391304347826086,83.33333333333334,50.0
100.0,21.806853582554517,0.0,58.76288659793815,80.0,21.528054118583366,12.5,43.39622641509434,38.46153846153847,97.22222222222221,28.57142857142857,28.26086956521739,66.66666666666666,50.0
100.0,21.18380062305296,6.896551724137931,47.42268041237113,60.0,22.841225626740947,0.0,41.88679245283019,53.84615384615385,90.27777777777779,42.857142857142854,23.91304347826087,66.66666666666666,75.0
66.66666666666666,19.937694704049843,6.896551724137931,53.608247422680414,60.0,20.294468762435336,12.5,44.15094339622642,50.0,94.44444444444444,42.857142857142854,26.08695652173913,50.0,50.0
100.0,22.429906542056074,10.344827586206897,55.670103092783506,100.0,21.886191802626342,12.5,47.16981132075472,61.53846153846154,88.88888888888889,42.857142857142854,26.08695652173913,50.0,75.0
66.66666666666666,17.75700934579439,13.793103448275861,53.608247422680414,80.0,19.339434938320732,25.0,44.528301886792455,57.692307692307686,95.83333333333334,14.285714285714285,26.08695652173913,50.0,50.0
66.66666666666666,21.806853582554517,3.4482758620689653,42.2680412371134,80.0,25.228810187027456,25.0,44.905660377358494,80.76923076923077,97.22222222222221,42.857142857142854,17.391304347826086,16.666666666666664,75.0
66.66666666666666,22.741433021806852,10.344827586206897,47.42268041237113,60.0,24.31356943891763,0.0,46.41509433962264,61.53846153846154,93.05555555555556,42.857142857142854,19.565217391304348,66.66666666666666,50.0
66.66666666666666,16.822429906542055,3.4482758620689653,42.2680412371134,60.0,23.358535614803024,25.0,43.0188679245283,42.30769230769231,97.22222222222221,42.857142857142854,28.26086956521739,50.0,75.0
100.0,20.24922118380062,3.4482758620689653,51.546391752577314,80.0,22.08515718265022,12.5,49.43396226415094,53.84615384615385,86.11111111111111,71.42857142857143,23.91304347826087,50.0,25.0
66.66666666666666,22.429906542056074,10.344827586206897,49.48453608247423,60.0,24.63191404695583,12.5,46.79245283018868,57.692307692307686,93.05555555555556,42.857142857142854,26.08695652173913,50.0,75.0
100.0,18.69158878504673,6.896551724137931,49.48453608247423,80.0,23.915638678869875,12.5,40.75471698113208,46.15384615384615,90.27777777777779,42.857142857142854,21.73913043478261,66.66666666666666,50.0
33.33333333333333,19.003115264797508,3.4482758620689653,53.608247422680414,60.0,18.583366494230006,37.5,45.28301886792453,53.84615384615385,94.44444444444444,57.14285714285714,28.26086956521739,83.33333333333334,50.0
100.0,17.445482866043612,6.896551724137931,52.57731958762887,60.0,22.48308794269797,0.0,46.41509433962264,57.692307692307686,91.66666666666666,28.57142857142857,30.434782608695656,50.0,100.0
66.66666666666666,24.299065420560748,6.896551724137931,53.608247422680414,80.0,20.493434142459215,37.5,49.056603773584904,69.23076923076923,88.88888888888889,57.14285714285714,30.434782608695656,66.66666666666666,50.0
66.66666666666666,23.05295950155763,3.4482758620689653,49.48453608247423,80.0,21.209709510545167,0.0,52.83018867924528,53.84615384615385,94.44444444444444,42.857142857142854,32.608695652173914,83.33333333333334,50.0
100.0,21.18380062305296,3.4482758620689653,44.329896907216494,60.0,22.801432550736173,25.0,45.28301886792453,61.53846153846154,90.27777777777779,71.42857142857143,28.26086956521739,66.66666666666666,75.0
100.0,19.314641744548286,3.4482758620689653,56.70103092783505,80.0,21.16991643454039,12.5,49.81132075471698,34.61538461538461,95.83333333333334,14.285714285714285,30.434782608695656,66.66666666666666,75.0
33.33333333333333,19.314641744548286,3.4482758620689653,55.670103092783506,80.0,23.159570234779146,50.0,50.18867924528302,46.15384615384615,93.05555555555556,42.857142857142854,28.26086956521739,33.33333333333333,75.0
33.33333333333333,20.24922118380062,6.896551724137931,57.73195876288659,80.0,20.732192598487863,12.5,45.28301886792453,46.15384615384615,95.83333333333334,42.857142857142854,26.08695652173913,16.666666666666664,25.0
66.66666666666666,20.5607476635514,10.344827586206897,52.57731958762887,80.0,20.732192598487863,37.5,46.41509433962264,50.0,90.27777777777779,42.857142857142854,26.08695652173913,33.33333333333333,50.0
33.33333333333333,26.168224299065418,3.4482758620689653,51.546391752577314,100.0,21.92598487863112,37.5,50.943396226415096,46.15384615384615,88.88888888888889,42.857142857142854,36.95652173913043,16.666666666666664,25.0
66.66666666666666,19.314641744548286,3.4482758620689653,54.63917525773196,80.0,22.40350179068842,37.5,43.0188679245283,50.0,93.05555555555556,57.14285714285714,17.391304347826086,83.33333333333334,50.0
100.0,20.5607476635514,0.0,49.48453608247423,80.0,20.453641066454438,12.5,48.679245283018865,46.15384615384615,93.05555555555556,28.57142857142857,19.565217391304348,33.33333333333333,75.0
100.0,18.38006230529595,6.896551724137931,51.546391752577314,60.0,20.53322721846399,12.5,49.81132075471698,57.692307692307686,91.66666666666666,42.857142857142854,23.91304347826087,50.0,100.0
100.0,20.24922118380062,10.344827586206897,48.45360824742268,80.0,25.666534023079983,25.0,44.905660377358494,53.84615384615385,94.44444444444444,42.857142857142854,34.78260869565217,66.66666666666666,50.0
100.0,16.510903426791277,6.896551724137931,51.546391752577314,60.0,21.209709510545167,37.5,45.660377358490564,46.15384615384615,84.72222222222221,42.857142857142854,26.08695652173913,50.0,75.0
66.66666666666666,22.429906542056074,6.896551724137931,57.73195876288659,20.0,21.72701949860724,12.5,45.28301886792453,46.15384615384615,93.05555555555556,28.57142857142857,26.08695652173913,50.0,75.0
66.66666666666666,21.49532710280374,3.4482758620689653,55.670103092783506,40.0,23.119777158774372,12.5,49.43396226415094,42.30769230769231,91.66666666666666,42.857142857142854,26.08695652173913,50.0,100.0
100.0,19.314641744548286,6.896551724137931,51.546391752577314,40.0,23.199363310783923,12.5,44.905660377358494,34.61538461538461,97.22222222222221,14.285714285714285,17.391304347826086,33.33333333333333,50.0
66.66666666666666,18.69158878504673,6.896551724137931,58.76288659793815,60.0,19.37922801432551,25.0,46.0377358490566,57.692307692307686,97.22222222222221,42.857142857142854,28.26086956521739,66.66666666666666,50.0
100.0,21.806853582554517,10.344827586206897,54.63917525773196,80.0,21.01074413052129,25.0,47.16981132075472,42.30769230769231,91.66666666666666,57.14285714285714,28.26086956521739,50.0,50.0
66.66666666666666,21.18380062305296,3.4482758620689653,46.391752577319586,40.0,23.239156386788697,12.5,51.320754716981135,50.0,98.61111111111111,28.57142857142857,26.08695652173913,66.66666666666666,0.0
100.0,19.937694704049843,10.344827586206897,41.23711340206185,80.0,21.72701949860724,0.0,41.132075471698116,34.61538461538461,95.83333333333334,71.42857142857143,32.608695652173914,33.33333333333333,75.0
33.33333333333333,18.38006230529595,3.4482758620689653,58.76288659793815,60.0,22.08515718265022,50.0,42.26415094339623,53.84615384615385,94.44444444444444,42.857142857142854,30.434782608695656,83.33333333333334,75.0
100.0,14.330218068535824,6.896551724137931,48.45360824742268,80.0,23.716673298846,25.0,46.79245283018868,61.53846153846154,98.61111111111111,57.14285714285714,19.565217391304348,83.33333333333334,75.0
100.0,25.54517133956386,3.4482758620689653,49.48453608247423,40.0,21.56784719458814,12.5,46.41509433962264,50.0,94.44444444444444,57.14285714285714,26.08695652173913,16.666666666666664,75.0
66.66666666666666,17.133956386292834,10.344827586206897,53.608247422680414,80.0,21.886191802626342,0.0,47.54716981132076,34.61538461538461,87.5,42.857142857142854,19.565217391304348,33.33333333333333,50.0
100.0,17.75700934579439,13.793103448275861,46.391752577319586,100.0,22.284122562674096,12.5,44.528301886792455,53.84615384615385,93.05555555555556,42.857142857142854,19.565217391304348,83.33333333333334,50.0
66.66666666666666,22.118380062305295,6.896551724137931,47.42268041237113,40.0,21.289295662554718,37.5,44.905660377358494,46.15384615384615,81.94444444444444,28.57142857142857,21.73913043478261,83.33333333333334,50.0
100.0,23.98753894080997,0.0,46.391752577319586,80.0,22.761639474731396,25.0,44.905660377358494,46.15384615384615,100.0,57.14285714285714,21.73913043478261,33.33333333333333,75.0
66.66666666666666,19.314641744548286,10.344827586206897,55.670103092783506,100.0,24.47274174293673,0.0,44.528301886792455,61.53846153846154,93.05555555555556,42.857142857142854,30.434782608695656,50.0,75.0
100.0,19.626168224299064,10.344827586206897,48.45360824742268,100.0,24.830879426979706,12.5,43.77358490566038,53.84615384615385,98.61111111111111,42.857142857142854,17.391304347826086,66.66666666666666,75.0
66.66666666666666,20.87227414330218,6.896551724137931,57.73195876288659,80.0,19.37922801432551,25.0,47.54716981132076,69.23076923076923,91.66666666666666,14.285714285714285,21.73913043478261,50.0,50.0
100.0,21.806853582554517,3.4482758620689653,53.608247422680414,100.0,21.72701949860724,25.0,46.0377358490566,30.76923076923077,100.0,14.285714285714285,26.08695652173913,66.66666666666666,50.0
66.66666666666666,22.429906542056074,0.0,50.51546391752577,60.0,20.652606446478313,0.0,39.62264150943396,50.0,93.05555555555556,14.285714285714285,28.26086956521739,50.0,50.0
100.0,21.18380062305296,0.0,50.51546391752577,80.0,18.70274572224433,37.5,44.905660377358494,61.53846153846154,93.05555555555556,14.285714285714285,17.391304347826086,83.33333333333334,75.0
100.0,21.49532710280374,10.344827586206897,45.36082474226804,100.0,21.48826104257859,25.0,44.15094339622642,50.0,91.66666666666666,42.857142857142854,21.73913043478261,50.0,75.0
100.0,17.133956386292834,6.896551724137931,52.57731958762887,100.0,18.02626343016315,12.5,50.943396226415096,57.692307692307686,90.27777777777779,14.285714285714285,23.91304347826087,50.0,50.0
100.0,24.922118380062305,6.896551724137931,49.48453608247423,40.0,23.0799840827696,37.5,47.54716981132076,50.0,95.83333333333334,28.57142857142857,21.73913043478261,50.0,75.0
100.0,20.5607476635514,6.896551724137931,50.51546391752577,20.0,21.01074413052129,25.0,41.88679245283019,46.15384615384615,97.22222222222221,42.857142857142854,15.217391304347828,50.0,75.0
100.0,20.87227414330218,10.344827586206897,48.45360824742268,80.0,19.657779546358935,37.5,42.64150943396226,76.92307692307693,91.66666666666666,28.57142857142857,26.08695652173913,66.66666666666666,25.0
100.0,22.429906542056074,10.344827586206897,57.73195876288659,60.0,22.284122562674096,25.0,44.905660377358494,38.46153846153847,95.83333333333334,28.57142857142857,26.08695652173913,50.0,100.0
66.66666666666666,19.626168224299064,6.896551724137931,46.391752577319586,60.0,23.83605252686033,12.5,45.660377358490564,46.15384615384615,97.22222222222221,14.285714285714285,19.565217391304348,100.0,50.0
66.66666666666666,14.641744548286603,10.344827586206897,57.73195876288659,40.0,20.851571826502187,25.0,41.509433962264154,50.0,94.44444444444444,42.857142857142854,30.434782608695656,50.0,50.0
100.0,19.626168224299064,10.344827586206897,58.76288659793815,100.0,20.61281337047354,25.0,47.924528301886795,57.692307692307686,91.66666666666666,28.57142857142857,19.565217391304348,83.33333333333334,25.0
100.0,23.05295950155763,3.4482758620689653,47.42268041237113,60.0,20.055710306406684,25.0,46.79245283018868,42.30769230769231,94.44444444444444,42.857142857142854,17.391304347826086,16.666666666666664,25.0
66.66666666666666,20.24922118380062,6.896551724137931,47.42268041237113,80.0,20.573020294468762,12.5,52.83018867924528,34.61538461538461,94.44444444444444,28.57142857142857,23.91304347826087,66.66666666666666,75.0
66.66666666666666,18.06853582554517,6.896551724137931,51.546391752577314,80.0,22.48308794269797,0.0,48.679245283018865,61.53846153846154,91.66666666666666,71.42857142857143,17.391304347826086,33.33333333333333,75.0
66.66666666666666,16.510903426791277,10.344827586206897,46.391752577319586,80.0,20.53322721846399,25.0,44.15094339622642,57.692307692307686,94.44444444444444,28.57142857142857,23.91304347826087,83.33333333333334,75.0
100.0,23.98753894080997,0.0,42.2680412371134,60.0,23.000397930760048,50.0,47.924528301886795,73.07692307692307,94.44444444444444,14.285714285714285,26.08695652173913,33.33333333333333,100.0
100.0,21.49532710280374,6.896551724137931,48.45360824742268,60.0,21.408674890569042,25.0,52.45283018867924,61.53846153846154,95.83333333333334,57.14285714285714,28.26086956521739,66.66666666666666,75.0
100.0,27.102803738317753,10.344827586206897,53.608247422680414,100.0,22.363708714683643,12.5,43.39622641509434,42.30769230769231,91.66666666666666,28.57142857142857,17.391304347826086,16.666666666666664,100.0
100.0,21.806853582554517,3.4482758620689653,51.546391752577314,100.0,24.711500198965382,25.0,40.37735849056604,46.15384615384615,91.66666666666666,28.57142857142857,19.565217391304348,50.0,50.0
100.0,19.626168224299064,0.0,47.42268041237113,40.0,19.93633107839236,25.0,47.924528301886795,61.53846153846154,95.83333333333334,28.57142857142857,17.391304347826086,33.33333333333333,50.0
66.66666666666666,21.806853582554517,0.0,55.670103092783506,60.0,21.886191802626342,12.5,49.81132075471698,65.38461538461539,90.27777777777779,57.14285714285714,17.391304347826086,66.66666666666666,50.0
66.66666666666666,22.429906542056074,10.344827586206897,45.36082474226804,60.0,20.53322721846399,12.5,48.679245283018865,76.92307692307693,88.88888888888889,57.14285714285714,26.08695652173913,66.66666666666666,25.0
100.0,21.18380062305296,6.896551724137931,52.57731958762887,40.0,21.76681257461202,37.5,47.54716981132076,50.0,97.22222222222221,57.14285714285714,26.08695652173913,66.66666666666666,50.0
66.66666666666666,23.05295950155763,6.896551724137931,51.546391752577314,60.0,18.503780342220455,0.0,47.54716981132076,34.61538461538461,84.72222222222221,28.57142857142857,26.08695652173913,66.66666666666666,75.0
33.33333333333333,22.118380062305295,6.896551724137931,44.329896907216494,60.0,24.711500198965382,12.5,49.81132075471698,46.15384615384615,86.11111111111111,42.857142857142854,23.91304347826087,33.33333333333333,50.0
66.66666666666666,22.118380062305295,3.4482758620689653,52.57731958762887,60.0,22.920811778750497,0.0,40.75471698113208,69.23076923076923,91.66666666666666,28.57142857142857,21.73913043478261,50.0,25.0
66.66666666666666,23.364485981308412,10.344827586206897,50.51546391752577,60.0,23.597294070831676,25.0,43.39622641509434,61.53846153846154,88.88888888888889,42.857142857142854,21.73913043478261,50.0,75.0
100.0,17.75700934579439,3.4482758620689653,57.73195876288659,100.0,22.045364106645444,12.5,40.75471698113208,46.15384615384615,90.27777777777779,28.57142857142857,28.26086956521739,83.33333333333334,50.0
66.66666666666666,19.314641744548286,10.344827586206897,56.70103092783505,60.0,24.95025865499403,25.0,46.0377358490566,50.0,97.22222222222221,57.14285714285714,32.608695652173914,33.33333333333333,50.0
100.0,19.937694704049843,3.4482758620689653,46.391752577319586,100.0,24.711500198965382,37.5,46.0377358490566,34.61538461538461,97.22222222222221,28.57142857142857,21.73913043478261,33.33333333333333,75.0
100.0,18.69158878504673,0.0,51.546391752577314,100.0,20.453641066454438,0.0,48.679245283018865,53.84615384615385,94.44444444444444,42.857142857142854,17.391304347826086,66.66666666666666,25.0
100.0,23.67601246105919,0.0,49.48453608247423,100.0,20.09550338241146,12.5,44.528301886792455,61.53846153846154,97.22222222222221,57.14285714285714,30.434782608695656,50.0,100.0
100.0,19.003115264797508,0.0,58.76288659793815,80.0,19.77715877437326,12.5,49.81132075471698,53.84615384615385,87.5,28.57142857142857,32.608695652173914,50.0,50.0
100.0,19.937694704049843,10.344827586206897,50.51546391752577,60.0,22.721846398726623,12.5,50.56603773584906,53.84615384615385,90.27777777777779,71.42857142857143,17.391304347826086,50.0,50.0
0.0,19.314641744548286,0.0,53.608247422680414,100.0,23.716673298846,25.0,48.301886792452834,50.0,91.66666666666666,85.71428571428571,32.608695652173914,50.0,75.0
100.0,20.87227414330218,17.24137931034483,48.45360824742268,100.0,25.02984480700358,0.0,43.77358490566038,42.30769230769231,95.83333333333334,28.57142857142857,30.434782608695656,16.666666666666664,25.0
66.66666666666666,20.5607476635514,3.4482758620689653,61.855670103092784,100.0,23.915638678869875,37.5,49.056603773584904,65.38461538461539,93.05555555555556,57.14285714285714,21.73913043478261,66.66666666666666,75.0
33.33333333333333,17.445482866043612,3.4482758620689653,58.76288659793815,100.0,22.801432550736173,0.0,46.79245283018868,53.84615384615385,91.66666666666666,42.857142857142854,28.26086956521739,50.0,75.0
66.66666666666666,17.445482866043612,13.793103448275861,41.23711340206185,60.0,22.761639474731396,12.5,46.0377358490566,65.38461538461539,93.05555555555556,57.14285714285714,23.91304347826087,50.0,25.0
100.0,21.18380062305296,3.4482758620689653,41.23711340206185,80.0,20.374054914444887,12.5,44.528301886792455,42.30769230769231,95.83333333333334,28.57142857142857,21.73913043478261,83.33333333333334,25.0
66.66666666666666,20.5607476635514,3.4482758620689653,50.51546391752577,40.0,22.801432550736173,25.0,44.15094339622642,46.15384615384615,95.83333333333334,28.57142857142857,23.91304347826087,66.66666666666666,50.0
100.0,18.06853582554517,3.4482758620689653,52.57731958762887,80.0,20.53322721846399,25.0,42.64150943396226,53.84615384615385,93.05555555555556,57.14285714285714,23.91304347826087,50.0,75.0
100.0,21.18380062305296,3.4482758620689653,50.51546391752577,60.0,21.76681257461202,25.0,44.905660377358494,65.38461538461539,95.83333333333334,42.857142857142854,15.217391304347828,50.0,50.0
66.66666666666666,22.118380062305295,6.896551724137931,57.73195876288659,100.0,22.204536410664545,37.5,45.660377358490564,50.0,97.22222222222221,57.14285714285714,28.26086956521739,83.33333333333334,25.0
66.66666666666666,20.5607476635514,10.344827586206897,49.48453608247423,60.0,24.751293274970156,12.5,47.924528301886795,50.0,88.88888888888889,71.42857142857143,21.73913043478261,16.666666666666664,75.0
100.0,20.5607476635514,6.896551724137931,60.824742268041234,60.0,18.901711102268205,12.5,38.113207547169814,61.53846153846154,87.5,14.285714285714285,23.91304347826087,66.66666666666666,50.0
66.66666666666666,21.18380062305296,13.793103448275861,52.57731958762887,60.0,22.682053322721845,12.5,49.81132075471698,61.53846153846154,95.83333333333334,42.857142857142854,17.391304347826086,50.0,50.0
100.0,19.937694704049843,3.4482758620689653,54.63917525773196,60.0,20.01591723040191,12.5,46.79245283018868,46.15384615384615,95.83333333333334,28.57142857142857,21.73913043478261,33.33333333333333,75.0
100.0,22.429906542056074,0.0,51.546391752577314,80.0,20.931157978511738,12.5,48.301886792452834,53.84615384615385,88.88888888888889,57.14285714285714,28.26086956521739,83.33333333333334,100.0
100.0,22.118380062305295,10.344827586206897,48.45360824742268,60.0,22.32391563867887,12.5,46.41509433962264,46.15384615384615,90.27777777777779,28.57142857142857,21.73913043478261,33.33333333333333,50.0
100.0,22.118380062305295,6.896551724137931,58.76288659793815,100.0,21.448467966573816,25.0,50.943396226415096,46.15384615384615,95.83333333333334,57.14285714285714,32.608695652173914,16.666666666666664,50.0
100.0,23.364485981308412,10.344827586206897,47.42268041237113,60.0,21.09033028253084,37.5,43.77358490566038,76.92307692307693,97.22222222222221,57.14285714285714,36.95652173913043,50.0,75.0
100.0,23.364485981308412,6.896551724137931,59.79381443298969,80.0,24.0350179068842,12.5,45.28301886792453,46.15384615384615,94.44444444444444,42.857142857142854,36.95652173913043,50.0,75.0
66.66666666666666,22.429906542056074,6.896551724137931,44.329896907216494,100.0,23.278949462793474,0.0,42.64150943396226,65.38461538461539,94.44444444444444,71.42857142857143,21.73913043478261,83.33333333333334,50.0
66.66666666666666,14.953271028037381,3.4482758620689653,54.63917525773196,80.0,20.254675686430563,12.5,44.15094339622642,38.46153846153847,98.61111111111111,14.285714285714285,30.434782608695656,50.0,50.0
100.0,23.05295950155763,10.344827586206897,48.45360824742268,60.0,23.398328690807798,0.0,45.28301886792453,53.84615384615385,93.05555555555556,57.14285714285714,26.08695652173913,83.33333333333334,75.0
66.66666666666666,19.003115264797508,3.4482758620689653,51.546391752577314,100.0,23.716673298846,0.0,46.79245283018868,42.30769230769231,93.05555555555556,71.42857142857143,28.26086956521739,50.0,75.0
66.66666666666666,23.364485981308412,17.24137931034483,51.546391752577314,100.0,19.697572622363708,12.5,45.28301886792453,50.0,97.22222222222221,14.285714285714285,26.08695652173913,83.33333333333334,50.0
100.0,22.429906542056074,6.896551724137931,51.546391752577314,60.0,18.94150417827298,12.5,46.79245283018868,53.84615384615385,95.83333333333334,28.57142857142857,30.434782608695656,16.666666666666664,75.0
100.0,19.937694704049843,3.4482758620689653,52.57731958762887,80.0,24.830879426979706,0.0,43.77358490566038,42.30769230769231,93.05555555555556,57.14285714285714,32.608695652173914,66.66666666666666,75.0
66.66666666666666,23.05295950155763,3.4482758620689653,51.546391752577314,40.0,24.432948666931953,25.0,46.79245283018868,34.61538461538461,91.66666666666666,57.14285714285714,19.565217391304348,66.66666666666666,100.0
100.0,19.937694704049843,0.0,49.48453608247423,80.0,25.54715479506566,25.0,43.77358490566038,42.30769230769231,94.44444444444444,42.857142857142854,28.26086956521739,16.666666666666664,75.0
100.0,19.314641744548286,0.0,51.546391752577314,80.0,21.24950258654994,50.0,44.905660377358494,50.0,93.05555555555556,14.285714285714285,21.73913043478261,66.66666666666666,75.0
100.0,15.57632398753894,3.4482758620689653,48.45360824742268,60.0,20.175089534421012,25.0,49.43396226415094,69.23076923076923,87.5,28.57142857142857,30.434782608695656,50.0,75.0
100.0,17.75700934579439,3.4482758620689653,53.608247422680414,60.0,19.18026263430163,12.5,49.81132075471698,34.61538461538461,88.88888888888889,14.285714285714285,19.565217391304348,83.33333333333334,75.0
66.66666666666666,21.806853582554517,0.0,45.36082474226804,60.0,23.318742538798247,0.0,46.79245283018868,61.53846153846154,94.44444444444444,42.857142857142854,15.217391304347828,66.66666666666666,75.0
100.0,21.49532710280374,3.4482758620689653,48.45360824742268,80.0,20.652606446478313,12.5,45.28301886792453,42.30769230769231,97.22222222222221,28.57142857142857,41.30434782608695,50.0,75.0
100.0,22.429906542056074,3.4482758620689653,48.45360824742268,100.0,20.09550338241146,25.0,46.41509433962264,42.30769230769231,93.05555555555556,57.14285714285714,34.78260869565217,66.66666666666666,75.0
100.0,20.5607476635514,3.4482758620689653,60.824742268041234,80.0,21.84639872662157,12.5,47.54716981132076,61.53846153846154,91.66666666666666,28.57142857142857,17.391304347826086,50.0,75.0
66.66666666666666,22.118380062305295,6.896551724137931,48.45360824742268,80.0,25.228810187027456,12.5,49.056603773584904,23.076923076923077,87.5,42.857142857142854,23.91304347826087,66.66666666666666,75.0
66.66666666666666,23.05295950155763,10.344827586206897,48.45360824742268,60.0,21.886191802626342,0.0,49.43396226415094,46.15384615384615,97.22222222222221,14.285714285714285,26.08695652173913,33.33333333333333,75.0
100.0,23.67601246105919,6.896551724137931,63.91752577319587,60.0,22.32391563867887,12.5,49.43396226415094,61.53846153846154,94.44444444444444,71.42857142857143,28.26086956521739,33.33333333333333,50.0
66.66666666666666,23.05295950155763,6.896551724137931,52.57731958762887,100.0,24.95025865499403,25.0,46.79245283018868,38.46153846153847,94.44444444444444,71.42857142857143,21.73913043478261,16.666666666666664,75.0
100.0,19.937694704049843,6.896551724137931,53.608247422680414,60.0,22.960604854755275,50.0,40.37735849056604,38.46153846153847,90.27777777777779,42.857142857142854,21.73913043478261,33.33333333333333,75.0
100.0,22.118380062305295,6.896551724137931,60.824742268041234,80.0,21.289295662554718,37.5,40.75471698113208,65.38461538461539,93.05555555555556,42.857142857142854,30.434782608695656,50.0,50.0
66.66666666666666,17.133956386292834,3.4482758620689653,50.51546391752577,60.0,21.965777954635893,12.5,45.28301886792453,61.53846153846154,93.05555555555556,42.857142857142854,30.434782608695656,50.0,50.0
66.66666666666666,17.75700934579439,0.0,53.608247422680414,80.0,23.119777158774372,25.0,44.905660377358494,61.53846153846154,95.83333333333334,71.42857142857143,21.73913043478261,66.66666666666666,75.0
100.0,18.69158878504673,6.896551724137931,57.73195876288659,100.0,22.24432948666932,25.0,44.528301886792455,80.76923076923077,94.44444444444444,57.14285714285714,21.73913043478261,50.0,50.0
100.0,19.314641744548286,6.896551724137931,49.48453608247423,40.0,25.46756864305611,50.0,49.056603773584904,46.15384615384615,90.27777777777779,57.14285714285714,30.434782608695656,66.66666666666666,50.0
100.0,19.937694704049843,0.0,52.57731958762887,60.0,21.56784719458814,37.5,44.905660377358494,57.692307692307686,95.83333333333334,28.57142857142857,17.391304347826086,16.666666666666664,50.0
100.0,23.67601246105919,6.896551724137931,47.42268041237113,60.0,22.642260246717072,25.0,46.79245283018868,42.30769230769231,88.88888888888889,28.57142857142857,28.26086956521739,50.0,75.0
66.66666666666666,21.49532710280374,0.0,46.391752577319586,60.0,21.687226422602468,12.5,43.39622641509434,53.84615384615385,95.83333333333334,57.14285714285714,21.73913043478261,83.33333333333334,25.0
66.66666666666666,19.626168224299064,3.4482758620689653,56.70103092783505,60.0,20.374054914444887,0.0,48.301886792452834,57.692307692307686,91.66666666666666,71.42857142857143,26.08695652173913,66.66666666666666,100.0
66.66666666666666,18.06853582554517,17.24137931034483,44.329896907216494,60.0,21.130123358535617,25.0,48.679245283018865,61.53846153846154,93.05555555555556,57.14285714285714,19.565217391304348,50.0,75.0
66.66666666666666,21.806853582554517,6.896551724137931,55.670103092783506,40.0,22.24432948666932,25.0,43.39622641509434,42.30769230769231,100.0,71.42857142857143,36.95652173913043,50.0,75.0
66.66666666666666,18.38006230529595,13.793103448275861,47.42268041237113,60.0,22.284122562674096,37.5,42.64150943396226,53.84615384615385,87.5,100.0,19.565217391304348,66.66666666666666,75.0
100.0,19.937694704049843,6.896551724137931,49.48453608247423,60.0,20.851571826502187,0.0,45.28301886792453,42.30769230769231,98.61111111111111,28.57142857142857,28.26086956521739,16.666666666666664,75.0
66.66666666666666,21.18380062305296,0.0,49.48453608247423,100.0,20.493434142459215,25.0,43.77358490566038,46.15384615384615,97.22222222222221,42.857142857142854,28.26086956521739,50.0,25.0
100.0,20.5607476635514,3.4482758620689653,51.546391752577314,60.0,23.040191006764825,12.5,45.660377358490564,38.46153846153847,94.44444444444444,71.42857142857143,17.391304347826086,0.0,75.0
33.33333333333333,21.806853582554517,3.4482758620689653,56.70103092783505,60.0,22.204536410664545,12.5,42.26415094339623,65.38461538461539,93.05555555555556,71.42857142857143,23.91304347826087,83.33333333333334,50.0
66.66666666666666,21.806853582554517,6.896551724137931,46.391752577319586,60.0,19.77715877437326,0.0,47.924528301886795,50.0,93.05555555555556,42.857142857142854,32.608695652173914,50.0,25.0
66.66666666666666,22.429906542056074,10.344827586206897,43.29896907216495,100.0,24.711500198965382,0.0,44.15094339622642,46.15384615384615,98.61111111111111,42.857142857142854,28.26086956521739,33.33333333333333,75.0
66.66666666666666,22.118380062305295,10.344827586206897,47.42268041237113,60.0,21.76681257461202,37.5,47.924528301886795,53.84615384615385,95.83333333333334,42.857142857142854,28.26086956521739,66.66666666666666,50.0
33.33333333333333,19.626168224299064,6.896551724137931,53.608247422680414,100.0,21.687226422602468,25.0,46.0377358490566,61.53846153846154,81.94444444444444,42.857142857142854,26.08695652173913,66.66666666666666,75.0
100.0,19.003115264797508,3.4482758620689653,49.48453608247423,80.0,23.83605252686033,12.5,45.660377358490564,65.38461538461539,94.44444444444444,42.857142857142854,23.91304347826087,33.33333333333333,50.0
66.66666666666666,22.429906542056074,13.793103448275861,51.546391752577314,40.0,22.204536410664545,37.5,46.79245283018868,61.53846153846154,91.66666666666666,57.14285714285714,26.08695652173913,50.0,75.0
33.33333333333333,22.429906542056074,6.896551724137931,47.42268041237113,40.0,23.875845602865102,25.0,49.81132075471698,53.84615384615385,94.44444444444444,28.57142857142857,34.78260869565217,50.0,75.0
66.66666666666666,22.429906542056074,6.896551724137931,54.63917525773196,40.0,21.64743334659769,37.5,46.0377358490566,53.84615384615385,95.83333333333334,14.285714285714285,21.73913043478261,16.666666666666664,100.0
66.66666666666666,21.18380062305296,3.4482758620689653,48.45360824742268,40.0,20.453641066454438,50.0,43.77358490566038,69.23076923076923,86.11111111111111,14.285714285714285,30.434782608695656,33.33333333333333,75.0
100.0,17.133956386292834,6.896551724137931,48.45360824742268,100.0,20.453641066454438,37.5,49.056603773584904,53.84615384615385,98.61111111111111,14.285714285714285,21.73913043478261,50.0,100.0
66.66666666666666,18.69158878504673,20.689655172413794,58.76288659793815,60.0,20.254675686430563,12.5,42.26415094339623,38.46153846153847,97.22222222222221,42.857142857142854,17.391304347826086,50.0,25.0
66.66666666666666,23.98753894080997,3.4482758620689653,51.546391752577314,60.0,18.901711102268205,12.5,47.54716981132076,57.692307692307686,90.27777777777779,14.285714285714285,19.565217391304348,50.0,100.0
100.0,18.38006230529595,13.793103448275861,51.546391752577314,100.0,20.374054914444887,25.0,45.660377358490564,42.30769230769231,93.05555555555556,28.57142857142857,17.391304347826086,16.666666666666664,100.0
66.66666666666666,21.806853582554517,10.344827586206897,60.824742268041234,80.0,24.432948666931953,0.0,47.54716981132076,30.76923076923077,88.88888888888889,57.14285714285714,26.08695652173913,33.33333333333333,25.0
33.33333333333333,20.5607476635514,3.4482758620689653,59.79381443298969,60.0,19.060883406287306,0.0,42.64150943396226,53.84615384615385,98.61111111111111,42.857142857142854,15.217391304347828,83.33333333333334,75.0
100.0,19.003115264797508,10.344827586206897,39.175257731958766,80.0,21.56784719458814,12.5,48.679245283018865,53.84615384615385,93.05555555555556,42.857142857142854,28.26086956521739,66.66666666666666,100.0
100.0,20.24922118380062,6.896551724137931,44.329896907216494,80.0,24.711500198965382,12.5,48.301886792452834,57.692307692307686,97.22222222222221,42.857142857142854,32.608695652173914,50.0,75.0
100.0,15.887850467289718,10.344827586206897,48.45360824742268,80.0,24.353362514922402,12.5,44.528301886792455,53.84615384615385,94.44444444444444,42.857142857142854,26.08695652173913,66.66666666666666,75.0
66.66666666666666,19.314641744548286,3.4482758620689653,43.29896907216495,80.0,20.334261838440113,12.5,46.0377358490566,53.84615384615385,95.83333333333334,42.857142857142854,26.08695652173913,50.0,100.0
66.66666666666666,22.429906542056074,3.4482758620689653,44.329896907216494,80.0,24.592120970951054,12.5,49.43396226415094,42.30769230769231,95.83333333333334,28.57142857142857,30.434782608695656,50.0,100.0
33.33333333333333,20.5607476635514,3.4482758620689653,48.45360824742268,100.0,21.48826104257859,12.5,45.660377358490564,61.53846153846154,94.44444444444444,42.857142857142854,28.26086956521739,50.0,50.0
100.0,17.445482866043612,0.0,57.73195876288659,60.0,20.493434142459215,0.0,49.056603773584904,50.0,95.83333333333334,42.857142857142854,6.521739130434782,66.66666666666666,50.0
100.0,18.06853582554517,13.793103448275861,47.42268041237113,80.0,22.881018702745724,12.5,46.41509433962264,42.30769230769231,91.66666666666666,42.857142857142854,28.26086956521739,50.0,75.0
33.33333333333333,16.1993769470405,3.4482758620689653,39.175257731958766,40.0,23.5575009948269,0.0,42.26415094339623,50.0,98.61111111111111,57.14285714285714,32.608695652173914,33.33333333333333,75.0
66.66666666666666,23.05295950155763,3.4482758620689653,60.824742268041234,60.0,22.363708714683643,25.0,42.26415094339623,38.46153846153847,97.22222222222221,28.57142857142857,34.78260869565217,83.33333333333334,100.0
100.0,17.75700934579439,6.896551724137931,54.63917525773196,100.0,22.48308794269797,0.0,49.43396226415094,30.76923076923077,91.66666666666666,42.857142857142854,23.91304347826087,83.33333333333334,100.0
100.0,22.118380062305295,3.4482758620689653,50.51546391752577,40.0,21.09033028253084,25.0,43.77358490566038,50.0,91.66666666666666,28.57142857142857,21.73913043478261,50.0,50.0
100.0,20.24922118380062,10.344827586206897,50.51546391752577,60.0,19.93633107839236,12.5,49.056603773584904,46.15384615384615,95.83333333333334,14.285714285714285,28.26086956521739,50.0,75.0
100.0,22.118380062305295,3.4482758620689653,47.42268041237113,100.0,23.358535614803024,25.0,50.18867924528302,69.23076923076923,93.05555555555556,71.42857142857143,26.08695652173913,50.0,75.0
100.0,17.445482866043612,10.344827586206897,57.73195876288659,60.0,20.732192598487863,12.5,49.056603773584904,61.53846153846154,97.22222222222221,57.14285714285714,17.391304347826086,50.0,50.0
100.0,19.314641744548286,6.896551724137931,55.670103092783506,60.0,24.87067250298448,25.0,47.924528301886795,53.84615384615385,91.66666666666666,28.57142857142857,32.608695652173914,50.0,75.0
66.66666666666666,19.937694704049843,3.4482758620689653,63.91752577319587,80.0,20.01591723040191,25.0,41.509433962264154,61.53846153846154,91.66666666666666,42.857142857142854,17.391304347826086,66.66666666666666,50.0
100.0,21.49532710280374,3.4482758620689653,60.824742268041234,80.0,20.175089534421012,0.0,46.0377358490566,69.23076923076923,94.44444444444444,42.857142857142854,19.565217391304348,16.666666666666664,75.0
66.66666666666666,20.87227414330218,6.896551724137931,61.855670103092784,80.0,25.30839633903701,0.0,48.679245283018865,46.15384615384615,97.22222222222221,14.285714285714285,23.91304347826087,50.0,75.0
100.0,16.510903426791277,10.344827586206897,56.70103092783505,80.0,21.76681257461202,25.0,49.81132075471698,42.30769230769231,91.66666666666666,14.285714285714285,23.91304347826087,50.0,50.0
66.66666666666666,16.822429906542055,0.0,48.45360824742268,60.0,21.64743334659769,0.0,44.528301886792455,57.692307692307686,94.44444444444444,71.42857142857143,21.73913043478261,50.0,100.0
100.0,21.49532710280374,6.896551724137931,45.36082474226804,60.0,23.47791484281735,12.5,48.679245283018865,53.84615384615385,93.05555555555556,57.14285714285714,30.434782608695656,83.33333333333334,25.0
100.0,20.24922118380062,10.344827586206897,55.670103092783506,80.0,19.10067648229208,0.0,43.0188679245283,46.15384615384615,90.27777777777779,57.14285714285714,15.217391304347828,50.0,50.0
66.66666666666666,23.67601246105919,6.896551724137931,55.670103092783506,60.0,21.24950258654994,0.0,47.54716981132076,65.38461538461539,100.0,57.14285714285714,26.08695652173913,83.33333333333334,25.0
66.66666666666666,25.54517133956386,10.344827586206897,56.70103092783505,80.0,24.711500198965382,0.0,44.905660377358494,57.692307692307686,90.27777777777779,57.14285714285714,21.73913043478261,66.66666666666666,75.0
66.66666666666666,20.24922118380062,6.896551724137931,51.546391752577314,80.0,23.83605252686033,25.0,49.056603773584904,53.84615384615385,88.88888888888889,28.57142857142857,23.91304347826087,66.66666666666666,75.0
66.66666666666666,20.24922118380062,3.4482758620689653,53.608247422680414,100.0,19.85674492638281,12.5,43.0188679245283,53.84615384615385,93.05555555555556,42.857142857142854,23.91304347826087,33.33333333333333,100.0
66.66666666666666,18.06853582554517,6.896551724137931,55.670103092783506,60.0,23.47791484281735,62.5,51.320754716981135,46.15384615384615,91.66666666666666,28.57142857142857,26.08695652173913,66.66666666666666,100.0
66.66666666666666,20.5607476635514,10.344827586206897,46.391752577319586,60.0,25.069637883008355,25.0,43.39622641509434,53.84615384615385,91.66666666666666,0.0,30.434782608695656,33.33333333333333,75.0
100.0,21.18380062305296,10.344827586206897,48.45360824742268,80.0,19.93633107839236,12.5,43.77358490566038,61.53846153846154,90.27777777777779,42.857142857142854,30.434782608695656,33.33333333333333,50.0
66.66666666666666,23.364485981308412,6.896551724137931,50.51546391752577,100.0,22.960604854755275,25.0,47.16981132075472,30.76923076923077,90.27777777777779,28.57142857142857,28.26086956521739,66.66666666666666,100.0
100.0,22.429906542056074,3.4482758620689653,59.79381443298969,80.0,19.737365698368485,12.5,41.132075471698116,42.30769230769231,93.05555555555556,28.57142857142857,19.565217391304348,66.66666666666666,50.0
100.0,19.937694704049843,6.896551724137931,46.391752577319586,100.0,25.42777556705133,37.5,47.924528301886795,50.0,100.0,57.14285714285714,28.26086956521739,66.66666666666666,75.0
100.0,21.49532710280374,6.896551724137931,51.546391752577314,80.0,18.86191802626343,25.0,46.0377358490566,53.84615384615385,95.83333333333334,57.14285714285714,32.608695652173914,66.66666666666666,25.0
66.66666666666666,19.003115264797508,3.4482758620689653,46.391752577319586,60.0,25.30839633903701,12.5,49.43396226415094,57.692307692307686,90.27777777777779,42.857142857142854,15.217391304347828,33.33333333333333,75.0
100.0,16.510903426791277,3.4482758620689653,51.546391752577314,40.0,25.228810187027456,12.5,48.301886792452834,38.46153846153847,87.5,42.857142857142854,13.043478260869565,50.0,75.0
66.66666666666666,21.49532710280374,6.896551724137931,41.23711340206185,60.0,21.56784719458814,12.5,42.26415094339623,42.30769230769231,98.61111111111111,42.857142857142854,26.08695652173913,83.33333333333334,100.0
100.0,19.626168224299064,6.896551724137931,53.608247422680414,80.0,22.682053322721845,12.5,43.77358490566038,53.84615384615385,98.61111111111111,42.857142857142854,32.608695652173914,100.0,50.0
66.66666666666666,21.18380062305296,3.4482758620689653,63.91752577319587,60.0,25.109430959013128,0.0,43.0188679245283,65.38461538461539,95.83333333333334,42.857142857142854,30.434782608695656,50.0,75.0
100.0,23.67601246105919,10.344827586206897,47.42268041237113,60.0,20.732192598487863,12.5,43.0188679245283,50.0,95.83333333333334,28.57142857142857,26.08695652173913,50.0,50.0
100.0,20.87227414330218,6.896551724137931,58.76288659793815,100.0,19.657779546358935,25.0,46.79245283018868,50.0,97.22222222222221,28.57142857142857,15.217391304347828,50.0,75.0
100.0,18.69158878504673,10.344827586206897,52.57731958762887,100.0,18.62315957023478,12.5,48.679245283018865,57.692307692307686,94.44444444444444,14.285714285714285,15.217391304347828,50.0,50.0
100.0,20.24922118380062,3.4482758620689653,56.70103092783505,20.0,24.233983286908078,25.0,44.15094339622642,46.15384615384615,95.83333333333334,57.14285714285714,17.391304347826086,50.0,50.0
100.0,16.510903426791277,6.896551724137931,64.94845360824742,100.0,22.40350179068842,12.5,43.39622641509434,73.07692307692307,95.83333333333334,28.57142857142857,26.08695652173913,50.0,75.0
66.66666666666666,22.118380062305295,3.4482758620689653,50.51546391752577,80.0,20.573020294468762,12.5,47.924528301886795,53.84615384615385,86.11111111111111,71.42857142857143,21.73913043478261,66.66666666666666,50.0
66.66666666666666,21.49532710280374,3.4482758620689653,52.57731958762887,80.0,22.801432550736173,25.0,44.905660377358494,46.15384615384615,98.61111111111111,57.14285714285714,21.73913043478261,66.66666666666666,50.0
66.66666666666666,22.741433021806852,10.344827586206897,58.76288659793815,60.0,22.602467170712295,25.0,46.41509433962264,42.30769230769231,94.44444444444444,42.857142857142854,30.434782608695656,16.666666666666664,25.0
66.66666666666666,23.67601246105919,10.344827586206897,58.76288659793815,60.0,23.517707918822126,37.5,43.39622641509434,46.15384615384615,93.05555555555556,28.57142857142857,34.78260869565217,33.33333333333333,75.0
100.0,20.5607476635514,6.896551724137931,48.45360824742268,60.0,22.48308794269797,12.5,44.905660377358494,65.38461538461539,97.22222222222221,28.57142857142857,23.91304347826087,66.66666666666666,75.0
33.33333333333333,18.69158878504673,10.344827586206897,47.42268041237113,40.0,21.448467966573816,12.5,47.54716981132076,53.84615384615385,95.83333333333334,14.285714285714285,23.91304347826087,50.0,50.0
66.66666666666666,21.49532710280374,3.4482758620689653,51.546391752577314,80.0,20.652606446478313,37.5,44.15094339622642,53.84615384615385,86.11111111111111,42.857142857142854,28.26086956521739,50.0,50.0
100.0,20.87227414330218,6.896551724137931,50.51546391752577,60.0,21.32908873855949,12.5,48.301886792452834,46.15384615384615,93.05555555555556,57.14285714285714,23.91304347826087,50.0,50.0
66.66666666666666,22.118380062305295,6.896551724137931,61.855670103092784,40.0,19.419021090330283,0.0,41.132075471698116,57.692307692307686,98.61111111111111,28.57142857142857,23.91304347826087,83.33333333333334,50.0
66.66666666666666,23.05295950155763,10.344827586206897,57.73195876288659,80.0,24.79108635097493,25.0,45.660377358490564,42.30769230769231,93.05555555555556,57.14285714285714,28.26086956521739,50.0,75.0
66.66666666666666,20.87227414330218,13.793103448275861,54.63917525773196,60.0,23.597294070831676,37.5,43.77358490566038,42.30769230769231,93.05555555555556,28.57142857142857,28.26086956521739,66.66666666666666,25.0
100.0,23.364485981308412,10.344827586206897,47.42268041237113,100.0,21.687226422602468,0.0,45.660377358490564,57.692307692307686,93.05555555555556,57.14285714285714,32.608695652173914,66.66666666666666,50.0
66.66666666666666,16.510903426791277,3.4482758620689653,61.855670103092784,100.0,23.517707918822126,12.5,48.679245283018865,65.38461538461539,91.66666666666666,71.42857142857143,15.217391304347828,66.66666666666666,75.0
66.66666666666666,19.626168224299064,6.896551724137931,52.57731958762887,100.0,23.438121766812575,37.5,46.79245283018868,46.15384615384615,97.22222222222221,57.14285714285714,28.26086956521739,33.33333333333333,50.0
100.0,20.5607476635514,3.4482758620689653,53.608247422680414,100.0,20.652606446478313,25.0,40.0,57.692307692307686,93.05555555555556,71.42857142857143,28.26086956521739,33.33333333333333,100.0
100.0,25.233644859813083,6.896551724137931,57.73195876288659,40.0,21.84639872662157,25.0,43.77358490566038,50.0,95.83333333333334,57.14285714285714,23.91304347826087,83.33333333333334,75.0
66.66666666666666,19.314641744548286,0.0,53.608247422680414,100.0,24.47274174293673,0.0,47.54716981132076,53.84615384615385,94.44444444444444,42.857142857142854,28.26086956521739,66.66666666666666,25.0
100.0,22.741433021806852,13.793103448275861,44.329896907216494,40.0,21.92598487863112,12.5,44.905660377358494,57.692307692307686,87.5,71.42857142857143,23.91304347826087,83.33333333333334,25.0
100.0,19.003115264797508,3.4482758620689653,58.76288659793815,80.0,24.910465578989253,0.0,46.79245283018868,46.15384615384615,91.66666666666666,57.14285714285714,13.043478260869565,33.33333333333333,100.0
100.0,20.24922118380062,3.4482758620689653,42.2680412371134,100.0,21.806605650616792,37.5,44.905660377358494,38.46153846153847,95.83333333333334,42.857142857142854,21.73913043478261,66.66666666666666,100.0
66.66666666666666,23.98753894080997,6.896551724137931,47.42268041237113,80.0,20.811778750497414,12.5,47.924528301886795,46.15384615384615,87.5,42.857142857142854,30.434782608695656,50.0,75.0
66.66666666666666,19.937694704049843,0.0,55.670103092783506,40.0,25.387982491046557,25.0,45.660377358490564,53.84615384615385,91.66666666666666,42.857142857142854,23.91304347826087,66.66666666666666,75.0
66.66666666666666,19.003115264797508,10.344827586206897,50.51546391752577,80.0,22.08515718265022,62.5,46.0377358490566,50.0,95.83333333333334,28.57142857142857,15.217391304347828,16.666666666666664,75.0
100.0,19.937694704049843,6.896551724137931,54.63917525773196,80.0,21.36888181456427,0.0,45.660377358490564,50.0,95.83333333333334,42.857142857142854,28.26086956521739,50.0,100.0
66.66666666666666,20.5607476635514,6.896551724137931,51.546391752577314,80.0,22.00557103064067,12.5,48.301886792452834,57.692307692307686,100.0,71.42857142857143,26.08695652173913,83.33333333333334,50.0
100.0,19.937694704049843,10.344827586206897,52.57731958762887,100.0,19.697572622363708,12.5,42.26415094339623,38.46153846153847,93.05555555555556,57.14285714285714,19.565217391304348,66.66666666666666,50.0
66.66666666666666,20.5607476635514,3.4482758620689653,55.670103092783506,80.0,18.86191802626343,12.5,42.64150943396226,38.46153846153847,93.05555555555556,28.57142857142857,34.78260869565217,33.33333333333333,50.0
100.0,21.806853582554517,10.344827586206897,49.48453608247423,80.0,25.14922403501791,0.0,43.0188679245283,53.84615384615385,94.44444444444444,14.285714285714285,19.565217391304348,50.0,75.0
100.0,16.1993769470405,6.896551724137931,56.70103092783505,60.0,22.363708714683643,25.0,44.905660377358494,42.30769230769231,94.44444444444444,42.857142857142854,23.91304347826087,50.0,25.0
66.66666666666666,21.18380062305296,3.4482758620689653,50.51546391752577,60.0,22.08515718265022,0.0,43.77358490566038,46.15384615384615,91.66666666666666,85.71428571428571,28.26086956521739,83.33333333333334,25.0
66.66666666666666,22.741433021806852,3.4482758620689653,48.45360824742268,60.0,19.220055710306408,25.0,45.660377358490564,50.0,91.66666666666666,42.857142857142854,17.391304347826086,66.66666666666666,25.0
66.66666666666666,22.429906542056074,10.344827586206897,50.51546391752577,60.0,21.09033028253084,25.0,40.37735849056604,46.15384615384615,91.66666666666666,42.857142857142854,34.78260869565217,33.33333333333333,75.0
100.0,22.429906542056074,0.0,60.824742268041234,100.0,22.56267409470752,12.5,46.79245283018868,42.30769230769231,93.05555555555556,57.14285714285714,19.565217391304348,66.66666666666666,50.0
100.0,18.69158878504673,10.344827586206897,49.48453608247423,60.0,24.233983286908078,12.5,43.0188679245283,46.15384615384615,88.88888888888889,57.14285714285714,28.26086956521739,50.0,25.0
66.66666666666666,23.364485981308412,10.344827586206897,55.670103092783506,80.0,21.76681257461202,25.0,45.28301886792453,61.53846153846154,97.22222222222221,42.857142857142854,30.434782608695656,83.33333333333334,50.0
66.66666666666666,20.87227414330218,6.896551724137931,46.391752577319586,100.0,23.119777158774372,12.5,42.26415094339623,19.230769230769234,93.05555555555556,28.57142857142857,26.08695652173913,50.0,75.0
100.0,20.87227414330218,10.344827586206897,51.546391752577314,80.0,24.990051730998804,12.5,44.528301886792455,38.46153846153847,90.27777777777779,14.285714285714285,34.78260869565217,100.0,75.0
100.0,18.38006230529595,3.4482758620689653,54.63917525773196,80.0,23.597294070831676,25.0,50.56603773584906,50.0,93.05555555555556,14.285714285714285,32.608695652173914,50.0,50.0
100.0,22.429906542056074,10.344827586206897,45.36082474226804,60.0,21.607640270592917,37.5,42.26415094339623,46.15384615384615,97.22222222222221,28.57142857142857,23.91304347826087,33.33333333333333,75.0
66.66666666666666,22.429906542056074,6.896551724137931,56.70103092783505,100.0,24.990051730998804,12.5,45.660377358490564,46.15384615384615,87.5,71.42857142857143,23.91304347826087,50.0,50.0
66.66666666666666,25.85669781931464,3.4482758620689653,50.51546391752577,60.0,22.204536410664545,12.5,41.132075471698116,57.692307692307686,94.44444444444444,57.14285714285714,30.434782608695656,33.33333333333333,100.0
100.0,17.445482866043612,10.344827586206897,49.48453608247423,80.0,21.72701949860724,12.5,46.0377358490566,42.30769230769231,93.05555555555556,28.57142857142857,21.73913043478261,66.66666666666666,100.0
100.0,23.67601246105919,6.896551724137931,47.42268041237113,60.0,22.363708714683643,25.0,50.56603773584906,61.53846153846154,93.05555555555556,42.857142857142854,30.434782608695656,83.33333333333334,50.0
100.0,22.741433021806852,0.0,48.45360824742268,80.0,24.31356943891763,12.5,43.39622641509434,57.692307692307686,91.66666666666666,57.14285714285714,21.73913043478261,66.66666666666666,75.0
100.0,16.822429906542055,6.896551724137931,48.45360824742268,80.0,24.074810982888977,0.0,42.26415094339623,50.0,97.22222222222221,42.857142857142854,17.391304347826086,83.33333333333334,25.0
66.66666666666666,18.69158878504673,10.344827586206897,56.70103092783505,80.0,20.493434142459215,0.0,41.132075471698116,50.0,95.83333333333334,0.0,21.73913043478261,50.0,75.0
100.0,19.003115264797508,3.4482758620689653,57.73195876288659,80.0,22.48308794269797,25.0,45.660377358490564,53.84615384615385,93.05555555555556,28.57142857142857,21.73913043478261,16.666666666666664,50.0
66.66666666666666,17.133956386292834,6.896551724137931,41.23711340206185,80.0,24.592120970951054,50.0,46.0377358490566,50.0,93.05555555555556,42.857142857142854,26.08695652173913,66.66666666666666,50.0
66.66666666666666,20.24922118380062,3.4482758620689653,46.391752577319586,80.0,23.318742538798247,25.0,47.16981132075472,50.0,87.5,57.14285714285714,17.391304347826086,50.0,75.0
100.0,16.822429906542055,10.344827586206897,54.63917525773196,80.0,20.931157978511738,25.0,45.28301886792453,65.38461538461539,91.66666666666666,57.14285714285714,30.434782608695656,66.66666666666666,100.0
100.0,19.003115264797508,13.793103448275861,51.546391752577314,40.0,20.254675686430563,0.0,48.679245283018865,65.38461538461539,94.44444444444444,28.57142857142857,30.434782608695656,33.33333333333333,75.0
100.0,20.24922118380062,3.4482758620689653,50.51546391752577,60.0,19.896538002387583,37.5,43.77358490566038,53.84615384615385,94.44444444444444,14.285714285714285,21.73913043478261,33.33333333333333,50.0
100.0,18.38006230529595,3.4482758620689653,53.608247422680414,80.0,24.0350179068842,12.5,43.0188679245283,61.53846153846154,86.11111111111111,71.42857142857143,26.08695652173913,100.0,50.0
100.0,21.49532710280374,6.896551724137931,49.48453608247423,80.0,17.86709112614405,12.5,52.075471698113205,57.692307692307686,98.61111111111111,28.57142857142857,17.391304347826086,50.0,75.0
66.66666666666666,19.937694704049843,6.896551724137931,49.48453608247423,40.0,25.26860326303223,12.5,42.26415094339623,53.84615384615385,95.83333333333334,14.285714285714285,28.26086956521739,33.33333333333333,75.0
100.0,22.741433021806852,3.4482758620689653,47.42268041237113,60.0,24.79108635097493,12.5,50.18867924528302,46.15384615384615,94.44444444444444,57.14285714285714,28.26086956521739,66.66666666666666,100.0
100.0,19.626168224299064,10.344827586206897,48.45360824742268,100.0,20.732192598487863,12.5,46.41509433962264,34.61538461538461,97.22222222222221,42.857142857142854,26.08695652173913,50.0,75.0
66.66666666666666,23.364485981308412,6.896551724137931,54.63917525773196,60.0,22.363708714683643,37.5,41.509433962264154,42.30769230769231,88.88888888888889,42.857142857142854,26.08695652173913,100.0,50.0
100.0,20.5607476635514,3.4482758620689653,48.45360824742268,60.0,22.761639474731396,25.0,45.660377358490564,57.692307692307686,94.44444444444444,42.857142857142854,19.565217391304348,33.33333333333333,50.0
33.33333333333333,15.57632398753894,10.344827586206897,50.51546391752577,80.0,22.40350179068842,37.5,42.26415094339623,50.0,93.05555555555556,14.285714285714285,10.869565217391305,50.0,100.0
100.0,22.741433021806852,0.0,48.45360824742268,60.0,22.363708714683643,12.5,48.679245283018865,53.84615384615385,87.5,42.857142857142854,34.78260869565217,83.33333333333334,75.0
100.0,19.314641744548286,6.896551724137931,47.42268041237113,80.0,22.801432550736173,37.5,47.54716981132076,46.15384615384615,95.83333333333334,57.14285714285714,21.73913043478261,66.66666666666666,75.0
100.0,17.75700934579439,0.0,48.45360824742268,80.0,22.761639474731396,12.5,45.660377358490564,42.30769230769231,87.5,42.857142857142854,17.391304347826086,66.66666666666666,75.0
100.0,16.822429906542055,3.4482758620689653,50.51546391752577,80.0,19.220055710306408,25.0,47.16981132075472,38.46153846153847,93.05555555555556,28.57142857142857,15.217391304347828,50.0,75.0
66.66666666666666,19.937694704049843,6.896551724137931,58.76288659793815,80.0,17.031436530043774,37.5,41.132075471698116,46.15384615384615,90.27777777777779,42.857142857142854,30.434782608695656,50.0,25.0
66.66666666666666,19.003115264797508,6.896551724137931,46.391752577319586,60.0,18.066056506167925,12.5,43.77358490566038,53.84615384615385,90.27777777777779,28.57142857142857,39.130434782608695,50.0,75.0
66.66666666666666,25.54517133956386,6.896551724137931,54.63917525773196,80.0,22.602467170712295,37.5,41.132075471698116,57.692307692307686,93.05555555555556,28.57142857142857,30.434782608695656,83.33333333333334,75.0
100.0,22.118380062305295,6.896551724137931,51.546391752577314,80.0,23.517707918822126,12.5,46.41509433962264,42.30769230769231,88.88888888888889,71.42857142857143,19.565217391304348,66.66666666666666,50.0
66.66666666666666,20.24922118380062,3.4482758620689653,50.51546391752577,60.0,20.970951054516515,12.5,47.54716981132076,38.46153846153847,93.05555555555556,42.857142857142854,28.26086956521739,50.0,50.0
100.0,19.937694704049843,3.4482758620689653,48.45360824742268,80.0,19.18026263430163,12.5,46.0377358490566,57.692307692307686,91.66666666666666,28.57142857142857,23.91304347826087,66.66666666666666,75.0
100.0,22.741433021806852,6.896551724137931,54.63917525773196,100.0,26.02467170712296,12.5,44.528301886792455,42.30769230769231,87.5,28.57142857142857,26.08695652173913,16.666666666666664,100.0
100.0,20.87227414330218,0.0,56.70103092783505,100.0,23.278949462793474,25.0,47.16981132075472,46.15384615384615,91.66666666666666,71.42857142857143,30.434782608695656,50.0,50.0
100.0,20.24922118380062,6.896551724137931,48.45360824742268,80.0,23.438121766812575,12.5,50.18867924528302,57.692307692307686,91.66666666666666,42.857142857142854,32.608695652173914,50.0,75.0
100.0,23.98753894080997,6.896551724137931,54.63917525773196,80.0,26.223637087146834,12.5,42.64150943396226,50.0,97.22222222222221,71.42857142857143,15.217391304347828,50.0,50.0
66.66666666666666,19.003115264797508,0.0,52.57731958762887,60.0,22.881018702745724,25.0,41.509433962264154,46.15384615384615,98.61111111111111,28.57142857142857,41.30434782608695,33.33333333333333,25.0
66.66666666666666,21.18380062305296,6.896551724137931,52.57731958762887,80.0,22.16474333465977,50.0,39.62264150943396,42.30769230769231,91.66666666666666,42.857142857142854,26.08695652173913,66.66666666666666,75.0
66.66666666666666,20.24922118380062,3.4482758620689653,59.79381443298969,80.0,21.528054118583366,25.0,50.56603773584906,50.0,94.44444444444444,57.14285714285714,23.91304347826087,66.66666666666666,100.0
100.0,19.937694704049843,10.344827586206897,49.48453608247423,100.0,21.56784719458814,0.0,47.54716981132076,53.84615384615385,90.27777777777779,71.42857142857143,17.391304347826086,50.0,50.0
66.66666666666666,21.49532710280374,13.793103448275861,52.57731958762887,60.0,20.175089534421012,37.5,46.41509433962264,57.692307692307686,94.44444444444444,28.57142857142857,28.26086956521739,66.66666666666666,75.0
100.0,20.5607476635514,3.4482758620689653,49.48453608247423,80.0,21.36888181456427,0.0,41.88679245283019,46.15384615384615,90.27777777777779,28.57142857142857,32.608695652173914,33.33333333333333,100.0
66.66666666666666,19.626168224299064,13.793103448275861,52.57731958762887,80.0,22.881018702745724,37.5,45.660377358490564,53.84615384615385,90.27777777777779,57.14285714285714,30.434782608695656,50.0,50.0
66.66666666666666,17.133956386292834,6.896551724137931,51.546391752577314,80.0,24.154397134898527,12.5,43.0188679245283,53.84615384615385,95.83333333333334,57.14285714285714,17.391304347826086,16.666666666666664,50.0
100.0,25.85669781931464,13.793103448275861,54.63917525773196,60.0,23.040191006764825,0.0,53.20754716981132,30.76923076923077,95.83333333333334,42.857142857142854,28.26086956521739,50.0,75.0
100.0,22.429906542056074,6.896551724137931,47.42268041237113,100.0,21.01074413052129,25.0,46.0377358490566,57.692307692307686,95.83333333333334,85.71428571428571,28.26086956521739,83.33333333333334,50.0
66.66666666666666,18.38006230529595,6.896551724137931,49.48453608247423,60.0,23.47791484281735,50.0,53.9622641509434,53.84615384615385,91.66666666666666,57.14285714285714,30.434782608695656,50.0,100.0
100.0,18.38006230529595,10.344827586206897,47.42268041237113,60.0,22.24432948666932,12.5,42.26415094339623,65.38461538461539,98.61111111111111,85.71428571428571,26.08695652173913,50.0,50.0
33.33333333333333,14.330218068535824,3.4482758620689653,44.329896907216494,80.0,21.76681257461202,25.0,44.528301886792455,50.0,91.66666666666666,57.14285714285714,23.91304347826087,33.33333333333333,50.0
100.0,19.937694704049843,10.344827586206897,48.45360824742268,80.0,23.995224830879426,12.5,48.301886792452834,53.84615384615385,100.0,42.857142857142854,21.73913043478261,66.66666666666666,75.0
66.66666666666666,18.69158878504673,6.896551724137931,50.51546391752577,40.0,22.602467170712295,12.5,43.0188679245283,38.46153846153847,91.66666666666666,57.14285714285714,26.08695652173913,50.0,75.0
66.66666666666666,23.05295950155763,3.4482758620689653,45.36082474226804,60.0,24.27377636291285,0.0,49.81132075471698,61.53846153846154,91.66666666666666,28.57142857142857,45.65217391304348,50.0,100.0
100.0,13.707165109034266,10.344827586206897,43.29896907216495,80.0,23.159570234779146,12.5,45.660377358490564,69.23076923076923,91.66666666666666,28.57142857142857,26.08695652173913,50.0,100.0
100.0,25.54517133956386,6.896551724137931,52.57731958762887,60.0,18.344608038201354,25.0,43.77358490566038,57.692307692307686,91.66666666666666,42.857142857142854,30.434782608695656,66.66666666666666,75.0
100.0,21.18380062305296,6.896551724137931,44.329896907216494,60.0,20.01591723040191,12.5,45.660377358490564,50.0,95.83333333333334,14.285714285714285,21.73913043478261,100.0,75.0
100.0,21.18380062305296,6.896551724137931,57.73195876288659,80.0,20.573020294468762,12.5,41.509433962264154,42.30769230769231,93.05555555555556,85.71428571428571,32.608695652173914,50.0,50.0
66.66666666666666,20.5607476635514,3.4482758620689653,38.144329896907216,80.0,21.48826104257859,12.5,46.41509433962264,46.15384615384615,88.88888888888889,28.57142857142857,28.26086956521739,33.33333333333333,75.0
100.0,21.18380062305296,6.896551724137931,43.29896907216495,40.0,22.721846398726623,25.0,49.81132075471698,42.30769230769231,93.05555555555556,57.14285714285714,15.217391304347828,66.66666666666666,75.0
100.0,20.24922118380062,6.896551724137931,51.546391752577314,40.0,20.413847990449664,12.5,48.679245283018865,50.0,94.44444444444444,57.14285714285714,23.91304347826087,50.0,75.0
100.0,22.741433021806852,6.896551724137931,51.546391752577314,80.0,22.00557103064067,37.5,42.64150943396226,46.15384615384615,88.88888888888889,42.857142857142854,32.608695652173914,66.66666666666666,100.0
66.66666666666666,21.806853582554517,10.344827586206897,51.546391752577314,60.0,20.294468762435336,25.0,44.15094339622642,50.0,81.94444444444444,28.57142857142857,26.08695652173913,50.0,75.0
66.66666666666666,22.429906542056074,0.0,52.57731958762887,100.0,23.358535614803024,37.5,45.660377358490564,42.30769230769231,93.05555555555556,57.14285714285714,23.91304347826087,83.33333333333334,50.0
100.0,18.69158878504673,10.344827586206897,52.57731958762887,80.0,22.56267409470752,12.5,49.056603773584904,53.84615384615385,95.83333333333334,71.42857142857143,23.91304347826087,33.33333333333333,50.0
100.0,19.003115264797508,6.896551724137931,55.670103092783506,100.0,19.25984878631118,25.0,44.905660377358494,61.53846153846154,94.44444444444444,28.57142857142857,26.08695652173913,16.666666666666664,75.0
100.0,22.118380062305295,3.4482758620689653,58.76288659793815,80.0,21.448467966573816,12.5,44.905660377358494,26.923076923076923,97.22222222222221,42.857142857142854,23.91304347826087,33.33333333333333,75.0
66.66666666666666,18.06853582554517,3.4482758620689653,54.63917525773196,60.0,20.294468762435336,25.0,49.81132075471698,73.07692307692307,88.88888888888889,71.42857142857143,28.26086956521739,66.66666666666666,50.0
100.0,19.937694704049843,10.344827586206897,52.57731958762887,100.0,21.64743334659769,0.0,41.88679245283019,50.0,94.44444444444444,28.57142857142857,30.434782608695656,33.33333333333333,75.0
